mode: atomic
github.com/Ethernal-Tech/ucl-block-explorer-syncer/api_storage/api_storage.go:32.43,34.2 1 1
github.com/Ethernal-Tech/ucl-block-explorer-syncer/api_storage/api_storage.go:38.47,40.25 2 14
github.com/Ethernal-Tech/ucl-block-explorer-syncer/api_storage/api_storage.go:40.25,42.3 1 3
github.com/Ethernal-Tech/ucl-block-explorer-syncer/api_storage/api_storage.go:44.2,45.25 2 11
github.com/Ethernal-Tech/ucl-block-explorer-syncer/api_storage/api_storage.go:45.25,47.3 1 7
github.com/Ethernal-Tech/ucl-block-explorer-syncer/api_storage/api_storage.go:49.2,49.33 1 4
github.com/Ethernal-Tech/ucl-block-explorer-syncer/api_storage/api_storage.go:54.54,56.25 2 20
github.com/Ethernal-Tech/ucl-block-explorer-syncer/api_storage/api_storage.go:56.25,58.3 1 5
github.com/Ethernal-Tech/ucl-block-explorer-syncer/api_storage/api_storage.go:60.2,61.25 2 15
github.com/Ethernal-Tech/ucl-block-explorer-syncer/api_storage/api_storage.go:61.25,63.3 1 8
github.com/Ethernal-Tech/ucl-block-explorer-syncer/api_storage/api_storage.go:65.2,65.39 1 7
github.com/Ethernal-Tech/ucl-block-explorer-syncer/api_storage/api_storage.go:69.69,78.21 6 0
github.com/Ethernal-Tech/ucl-block-explorer-syncer/api_storage/api_storage.go:78.21,100.3 1 0
github.com/Ethernal-Tech/ucl-block-explorer-syncer/api_storage/api_storage.go:100.8,122.3 1 0
github.com/Ethernal-Tech/ucl-block-explorer-syncer/api_storage/api_storage.go:124.2,125.17 2 0
github.com/Ethernal-Tech/ucl-block-explorer-syncer/api_storage/api_storage.go:125.17,132.3 2 0
github.com/Ethernal-Tech/ucl-block-explorer-syncer/api_storage/api_storage.go:134.2,135.16 2 0
github.com/Ethernal-Tech/ucl-block-explorer-syncer/api_storage/api_storage.go:135.16,142.3 2 0
github.com/Ethernal-Tech/ucl-block-explorer-syncer/api_storage/api_storage.go:144.2,148.18 3 0
github.com/Ethernal-Tech/ucl-block-explorer-syncer/api_storage/api_storage.go:148.18,158.17 6 0
github.com/Ethernal-Tech/ucl-block-explorer-syncer/api_storage/api_storage.go:158.17,161.12 2 0
github.com/Ethernal-Tech/ucl-block-explorer-syncer/api_storage/api_storage.go:164.3,168.63 4 0
github.com/Ethernal-Tech/ucl-block-explorer-syncer/api_storage/api_storage.go:168.63,170.4 1 0
github.com/Ethernal-Tech/ucl-block-explorer-syncer/api_storage/api_storage.go:172.3,172.32 1 0
github.com/Ethernal-Tech/ucl-block-explorer-syncer/api_storage/api_storage.go:175.2,179.21 3 0
github.com/Ethernal-Tech/ucl-block-explorer-syncer/api_storage/api_storage.go:179.21,190.3 1 0
github.com/Ethernal-Tech/ucl-block-explorer-syncer/api_storage/api_storage.go:190.8,192.3 1 0
github.com/Ethernal-Tech/ucl-block-explorer-syncer/api_storage/api_storage.go:194.2,195.16 2 0
github.com/Ethernal-Tech/ucl-block-explorer-syncer/api_storage/api_storage.go:195.16,199.3 2 0
github.com/Ethernal-Tech/ucl-block-explorer-syncer/api_storage/api_storage.go:201.2,210.8 1 0
github.com/Ethernal-Tech/ucl-block-explorer-syncer/api_storage/api_storage.go:214.75,216.9 2 4
github.com/Ethernal-Tech/ucl-block-explorer-syncer/api_storage/api_storage.go:216.9,221.3 1 4
github.com/Ethernal-Tech/ucl-block-explorer-syncer/api_storage/api_storage.go:227.2,253.17 3 0
github.com/Ethernal-Tech/ucl-block-explorer-syncer/api_storage/api_storage.go:253.17,258.3 1 0
github.com/Ethernal-Tech/ucl-block-explorer-syncer/api_storage/api_storage.go:260.2,282.16 7 0
github.com/Ethernal-Tech/ucl-block-explorer-syncer/api_storage/api_storage.go:282.16,283.36 1 0
github.com/Ethernal-Tech/ucl-block-explorer-syncer/api_storage/api_storage.go:283.36,288.4 1 0
github.com/Ethernal-Tech/ucl-block-explorer-syncer/api_storage/api_storage.go:290.3,295.9 2 0
github.com/Ethernal-Tech/ucl-block-explorer-syncer/api_storage/api_storage.go:298.2,302.66 4 0
github.com/Ethernal-Tech/ucl-block-explorer-syncer/api_storage/api_storage.go:302.66,304.3 1 0
github.com/Ethernal-Tech/ucl-block-explorer-syncer/api_storage/api_storage.go:306.2,306.24 1 0
github.com/Ethernal-Tech/ucl-block-explorer-syncer/api_storage/api_storage.go:306.24,308.3 1 0
github.com/Ethernal-Tech/ucl-block-explorer-syncer/api_storage/api_storage.go:310.2,314.8 1 0
github.com/Ethernal-Tech/ucl-block-explorer-syncer/api_storage/api_storage.go:318.66,321.26 2 0
github.com/Ethernal-Tech/ucl-block-explorer-syncer/api_storage/api_storage.go:321.26,347.3 1 0
github.com/Ethernal-Tech/ucl-block-explorer-syncer/api_storage/api_storage.go:347.8,373.3 1 0
github.com/Ethernal-Tech/ucl-block-explorer-syncer/api_storage/api_storage.go:375.2,376.17 2 0
github.com/Ethernal-Tech/ucl-block-explorer-syncer/api_storage/api_storage.go:376.17,381.3 1 0
github.com/Ethernal-Tech/ucl-block-explorer-syncer/api_storage/api_storage.go:383.2,384.16 2 0
github.com/Ethernal-Tech/ucl-block-explorer-syncer/api_storage/api_storage.go:384.16,391.3 2 0
github.com/Ethernal-Tech/ucl-block-explorer-syncer/api_storage/api_storage.go:393.2,397.18 3 0
github.com/Ethernal-Tech/ucl-block-explorer-syncer/api_storage/api_storage.go:397.18,401.17 3 0
github.com/Ethernal-Tech/ucl-block-explorer-syncer/api_storage/api_storage.go:401.17,404.12 2 0
github.com/Ethernal-Tech/ucl-block-explorer-syncer/api_storage/api_storage.go:407.3,407.29 1 0
github.com/Ethernal-Tech/ucl-block-explorer-syncer/api_storage/api_storage.go:410.2,414.8 1 0
github.com/Ethernal-Tech/ucl-block-explorer-syncer/api_storage/api_storage.go:418.87,434.20 9 8
github.com/Ethernal-Tech/ucl-block-explorer-syncer/api_storage/api_storage.go:434.20,440.3 4 0
github.com/Ethernal-Tech/ucl-block-explorer-syncer/api_storage/api_storage.go:442.2,442.20 1 8
github.com/Ethernal-Tech/ucl-block-explorer-syncer/api_storage/api_storage.go:442.20,444.17 2 3
github.com/Ethernal-Tech/ucl-block-explorer-syncer/api_storage/api_storage.go:444.17,446.4 1 3
github.com/Ethernal-Tech/ucl-block-explorer-syncer/api_storage/api_storage.go:448.3,450.15 3 0
github.com/Ethernal-Tech/ucl-block-explorer-syncer/api_storage/api_storage.go:453.2,453.18 1 5
github.com/Ethernal-Tech/ucl-block-explorer-syncer/api_storage/api_storage.go:453.18,455.17 2 2
github.com/Ethernal-Tech/ucl-block-explorer-syncer/api_storage/api_storage.go:455.17,457.4 1 2
github.com/Ethernal-Tech/ucl-block-explorer-syncer/api_storage/api_storage.go:459.3,461.15 3 0
github.com/Ethernal-Tech/ucl-block-explorer-syncer/api_storage/api_storage.go:464.2,464.32 1 3
github.com/Ethernal-Tech/ucl-block-explorer-syncer/api_storage/api_storage.go:464.32,465.21 1 0
github.com/Ethernal-Tech/ucl-block-explorer-syncer/api_storage/api_storage.go:465.21,468.4 2 0
github.com/Ethernal-Tech/ucl-block-explorer-syncer/api_storage/api_storage.go:468.9,471.4 2 0
github.com/Ethernal-Tech/ucl-block-explorer-syncer/api_storage/api_storage.go:474.2,474.27 1 3
github.com/Ethernal-Tech/ucl-block-explorer-syncer/api_storage/api_storage.go:474.27,475.60 1 3
github.com/Ethernal-Tech/ucl-block-explorer-syncer/api_storage/api_storage.go:475.60,479.4 3 1
github.com/Ethernal-Tech/ucl-block-explorer-syncer/api_storage/api_storage.go:483.2,485.30 2 3
github.com/Ethernal-Tech/ucl-block-explorer-syncer/api_storage/api_storage.go:485.30,488.3 2 1
github.com/Ethernal-Tech/ucl-block-explorer-syncer/api_storage/api_storage.go:488.8,490.3 1 2
github.com/Ethernal-Tech/ucl-block-explorer-syncer/api_storage/api_storage.go:493.2,511.17 4 3
github.com/Ethernal-Tech/ucl-block-explorer-syncer/api_storage/api_storage.go:511.17,516.3 1 3
github.com/Ethernal-Tech/ucl-block-explorer-syncer/api_storage/api_storage.go:518.2,519.16 2 0
github.com/Ethernal-Tech/ucl-block-explorer-syncer/api_storage/api_storage.go:519.16,526.3 2 0
github.com/Ethernal-Tech/ucl-block-explorer-syncer/api_storage/api_storage.go:528.2,533.18 4 0
github.com/Ethernal-Tech/ucl-block-explorer-syncer/api_storage/api_storage.go:533.18,550.17 6 0
github.com/Ethernal-Tech/ucl-block-explorer-syncer/api_storage/api_storage.go:550.17,553.12 2 0
github.com/Ethernal-Tech/ucl-block-explorer-syncer/api_storage/api_storage.go:556.3,561.71 5 0
github.com/Ethernal-Tech/ucl-block-explorer-syncer/api_storage/api_storage.go:561.71,563.4 1 0
github.com/Ethernal-Tech/ucl-block-explorer-syncer/api_storage/api_storage.go:563.9,565.4 1 0
github.com/Ethernal-Tech/ucl-block-explorer-syncer/api_storage/api_storage.go:567.3,571.10 3 0
github.com/Ethernal-Tech/ucl-block-explorer-syncer/api_storage/api_storage.go:574.2,586.16 5 0
github.com/Ethernal-Tech/ucl-block-explorer-syncer/api_storage/api_storage.go:586.16,590.3 2 0
github.com/Ethernal-Tech/ucl-block-explorer-syncer/api_storage/api_storage.go:592.2,601.8 1 0
github.com/Ethernal-Tech/ucl-block-explorer-syncer/api_storage/api_storage.go:605.74,608.16 2 2
github.com/Ethernal-Tech/ucl-block-explorer-syncer/api_storage/api_storage.go:608.16,613.3 1 2
github.com/Ethernal-Tech/ucl-block-explorer-syncer/api_storage/api_storage.go:615.2,633.17 4 0
github.com/Ethernal-Tech/ucl-block-explorer-syncer/api_storage/api_storage.go:633.17,638.3 1 0
github.com/Ethernal-Tech/ucl-block-explorer-syncer/api_storage/api_storage.go:640.2,659.16 7 0
github.com/Ethernal-Tech/ucl-block-explorer-syncer/api_storage/api_storage.go:659.16,660.36 1 0
github.com/Ethernal-Tech/ucl-block-explorer-syncer/api_storage/api_storage.go:660.36,671.4 1 0
github.com/Ethernal-Tech/ucl-block-explorer-syncer/api_storage/api_storage.go:673.3,678.9 2 0
github.com/Ethernal-Tech/ucl-block-explorer-syncer/api_storage/api_storage.go:681.2,687.70 6 0
github.com/Ethernal-Tech/ucl-block-explorer-syncer/api_storage/api_storage.go:687.70,689.3 1 0
github.com/Ethernal-Tech/ucl-block-explorer-syncer/api_storage/api_storage.go:689.8,691.3 1 0
github.com/Ethernal-Tech/ucl-block-explorer-syncer/api_storage/api_storage.go:693.2,704.8 2 0
github.com/Ethernal-Tech/ucl-block-explorer-syncer/api_storage/api_storage.go:708.87,713.17 4 0
github.com/Ethernal-Tech/ucl-block-explorer-syncer/api_storage/api_storage.go:713.17,720.3 2 0
github.com/Ethernal-Tech/ucl-block-explorer-syncer/api_storage/api_storage.go:722.2,725.16 3 0
github.com/Ethernal-Tech/ucl-block-explorer-syncer/api_storage/api_storage.go:725.16,727.3 1 0
github.com/Ethernal-Tech/ucl-block-explorer-syncer/api_storage/api_storage.go:729.2,729.19 1 0
github.com/Ethernal-Tech/ucl-block-explorer-syncer/api_storage/api_storage.go:729.19,730.39 1 0
github.com/Ethernal-Tech/ucl-block-explorer-syncer/api_storage/api_storage.go:730.39,735.4 1 0
github.com/Ethernal-Tech/ucl-block-explorer-syncer/api_storage/api_storage.go:737.3,737.65 1 0
github.com/Ethernal-Tech/ucl-block-explorer-syncer/api_storage/api_storage.go:737.65,742.4 1 0
github.com/Ethernal-Tech/ucl-block-explorer-syncer/api_storage/api_storage.go:745.2,752.28 5 0
github.com/Ethernal-Tech/ucl-block-explorer-syncer/api_storage/api_storage.go:752.28,754.17 2 0
github.com/Ethernal-Tech/ucl-block-explorer-syncer/api_storage/api_storage.go:754.17,759.4 1 0
github.com/Ethernal-Tech/ucl-block-explorer-syncer/api_storage/api_storage.go:761.3,765.6 3 0
github.com/Ethernal-Tech/ucl-block-explorer-syncer/api_storage/api_storage.go:768.2,768.20 1 0
github.com/Ethernal-Tech/ucl-block-explorer-syncer/api_storage/api_storage.go:768.20,774.3 3 0
github.com/Ethernal-Tech/ucl-block-explorer-syncer/api_storage/api_storage.go:776.2,776.20 1 0
github.com/Ethernal-Tech/ucl-block-explorer-syncer/api_storage/api_storage.go:776.20,782.3 3 0
github.com/Ethernal-Tech/ucl-block-explorer-syncer/api_storage/api_storage.go:785.2,793.72 3 0
github.com/Ethernal-Tech/ucl-block-explorer-syncer/api_storage/api_storage.go:793.72,800.3 2 0
github.com/Ethernal-Tech/ucl-block-explorer-syncer/api_storage/api_storage.go:802.2,823.16 6 0
github.com/Ethernal-Tech/ucl-block-explorer-syncer/api_storage/api_storage.go:823.16,830.3 2 0
github.com/Ethernal-Tech/ucl-block-explorer-syncer/api_storage/api_storage.go:832.2,836.18 3 0
github.com/Ethernal-Tech/ucl-block-explorer-syncer/api_storage/api_storage.go:836.18,846.17 3 0
github.com/Ethernal-Tech/ucl-block-explorer-syncer/api_storage/api_storage.go:846.17,853.4 2 0
github.com/Ethernal-Tech/ucl-block-explorer-syncer/api_storage/api_storage.go:855.3,858.25 3 0
github.com/Ethernal-Tech/ucl-block-explorer-syncer/api_storage/api_storage.go:861.2,861.35 1 0
github.com/Ethernal-Tech/ucl-block-explorer-syncer/api_storage/api_storage.go:861.35,866.3 1 0
github.com/Ethernal-Tech/ucl-block-explorer-syncer/api_storage/api_storage.go:868.2,877.8 1 0
github.com/Ethernal-Tech/ucl-block-explorer-syncer/api_storage/api_storage.go:880.61,881.14 1 7
github.com/Ethernal-Tech/ucl-block-explorer-syncer/api_storage/api_storage.go:882.16,883.43 1 1
github.com/Ethernal-Tech/ucl-block-explorer-syncer/api_storage/api_storage.go:884.17,885.96 1 3
github.com/Ethernal-Tech/ucl-block-explorer-syncer/api_storage/api_storage.go:886.10,887.43 1 3
github.com/Ethernal-Tech/ucl-block-explorer-syncer/api_storage/api_storage.go:896.9,897.71 1 0
github.com/Ethernal-Tech/ucl-block-explorer-syncer/api_storage/api_storage.go:897.71,899.3 1 0
github.com/Ethernal-Tech/ucl-block-explorer-syncer/api_storage/api_storage.go:901.2,907.16 5 0
github.com/Ethernal-Tech/ucl-block-explorer-syncer/api_storage/api_storage.go:907.16,909.3 1 0
github.com/Ethernal-Tech/ucl-block-explorer-syncer/api_storage/api_storage.go:911.2,911.19 1 0
github.com/Ethernal-Tech/ucl-block-explorer-syncer/api_storage/api_storage.go:911.19,912.39 1 0
github.com/Ethernal-Tech/ucl-block-explorer-syncer/api_storage/api_storage.go:912.39,917.4 1 0
github.com/Ethernal-Tech/ucl-block-explorer-syncer/api_storage/api_storage.go:919.3,919.65 1 0
github.com/Ethernal-Tech/ucl-block-explorer-syncer/api_storage/api_storage.go:919.65,924.4 1 0
github.com/Ethernal-Tech/ucl-block-explorer-syncer/api_storage/api_storage.go:927.2,941.17 6 0
github.com/Ethernal-Tech/ucl-block-explorer-syncer/api_storage/api_storage.go:941.17,944.21 2 0
github.com/Ethernal-Tech/ucl-block-explorer-syncer/api_storage/api_storage.go:944.21,950.4 3 0
github.com/Ethernal-Tech/ucl-block-explorer-syncer/api_storage/api_storage.go:952.3,952.21 1 0
github.com/Ethernal-Tech/ucl-block-explorer-syncer/api_storage/api_storage.go:952.21,958.4 3 0
github.com/Ethernal-Tech/ucl-block-explorer-syncer/api_storage/api_storage.go:962.3,984.76 4 0
github.com/Ethernal-Tech/ucl-block-explorer-syncer/api_storage/api_storage.go:988.2,988.20 1 0
github.com/Ethernal-Tech/ucl-block-explorer-syncer/api_storage/api_storage.go:988.20,994.3 3 0
github.com/Ethernal-Tech/ucl-block-explorer-syncer/api_storage/api_storage.go:996.2,996.20 1 0
github.com/Ethernal-Tech/ucl-block-explorer-syncer/api_storage/api_storage.go:996.20,1002.3 3 0
github.com/Ethernal-Tech/ucl-block-explorer-syncer/api_storage/api_storage.go:1004.2,1020.75 3 0
github.com/Ethernal-Tech/ucl-block-explorer-syncer/api_storage/api_storage.go:1030.38,1033.72 2 0
github.com/Ethernal-Tech/ucl-block-explorer-syncer/api_storage/api_storage.go:1033.72,1040.3 2 0
github.com/Ethernal-Tech/ucl-block-explorer-syncer/api_storage/api_storage.go:1042.2,1046.16 4 0
github.com/Ethernal-Tech/ucl-block-explorer-syncer/api_storage/api_storage.go:1046.16,1053.3 2 0
github.com/Ethernal-Tech/ucl-block-explorer-syncer/api_storage/api_storage.go:1055.2,1059.18 3 0
github.com/Ethernal-Tech/ucl-block-explorer-syncer/api_storage/api_storage.go:1059.18,1064.54 3 0
github.com/Ethernal-Tech/ucl-block-explorer-syncer/api_storage/api_storage.go:1064.54,1071.4 2 0
github.com/Ethernal-Tech/ucl-block-explorer-syncer/api_storage/api_storage.go:1073.3,1076.25 3 0
github.com/Ethernal-Tech/ucl-block-explorer-syncer/api_storage/api_storage.go:1079.2,1079.35 1 0
github.com/Ethernal-Tech/ucl-block-explorer-syncer/api_storage/api_storage.go:1079.35,1084.3 1 0
github.com/Ethernal-Tech/ucl-block-explorer-syncer/api_storage/api_storage.go:1086.2,1095.8 1 0
github.com/Ethernal-Tech/ucl-block-explorer-syncer/api_storage/api_storage.go:1100.96,1102.17 2 0
github.com/Ethernal-Tech/ucl-block-explorer-syncer/api_storage/api_storage.go:1102.17,1109.3 2 0
github.com/Ethernal-Tech/ucl-block-explorer-syncer/api_storage/api_storage.go:1111.2,1111.77 1 0
github.com/Ethernal-Tech/ucl-block-explorer-syncer/api_storage/api_storage.go:1115.100,1117.17 2 0
github.com/Ethernal-Tech/ucl-block-explorer-syncer/api_storage/api_storage.go:1117.17,1124.3 2 0
github.com/Ethernal-Tech/ucl-block-explorer-syncer/api_storage/api_storage.go:1126.2,1126.66 1 0
github.com/Ethernal-Tech/ucl-block-explorer-syncer/api_storage/api_storage.go:1130.59,1132.17 2 0
github.com/Ethernal-Tech/ucl-block-explorer-syncer/api_storage/api_storage.go:1132.17,1139.3 2 0
github.com/Ethernal-Tech/ucl-block-explorer-syncer/api_storage/api_storage.go:1141.2,1146.16 2 0
github.com/Ethernal-Tech/ucl-block-explorer-syncer/api_storage/api_storage.go:1146.16,1153.3 2 0
github.com/Ethernal-Tech/ucl-block-explorer-syncer/api_storage/api_storage.go:1155.2,1159.18 3 0
github.com/Ethernal-Tech/ucl-block-explorer-syncer/api_storage/api_storage.go:1159.18,1164.79 3 0
github.com/Ethernal-Tech/ucl-block-explorer-syncer/api_storage/api_storage.go:1164.79,1171.4 2 0
github.com/Ethernal-Tech/ucl-block-explorer-syncer/api_storage/api_storage.go:1173.3,1173.16 1 0
github.com/Ethernal-Tech/ucl-block-explorer-syncer/api_storage/api_storage.go:1173.16,1176.4 2 0
github.com/Ethernal-Tech/ucl-block-explorer-syncer/api_storage/api_storage.go:1178.3,1178.26 1 0
github.com/Ethernal-Tech/ucl-block-explorer-syncer/api_storage/api_storage.go:1181.2,1181.35 1 0
github.com/Ethernal-Tech/ucl-block-explorer-syncer/api_storage/api_storage.go:1181.35,1186.3 1 0
github.com/Ethernal-Tech/ucl-block-explorer-syncer/api_storage/api_storage.go:1188.2,1192.8 1 0
github.com/Ethernal-Tech/ucl-block-explorer-syncer/api_storage/asset_issuers.go:28.60,30.17 2 0
github.com/Ethernal-Tech/ucl-block-explorer-syncer/api_storage/asset_issuers.go:30.17,32.3 1 0
github.com/Ethernal-Tech/ucl-block-explorer-syncer/api_storage/asset_issuers.go:34.2,35.16 2 0
github.com/Ethernal-Tech/ucl-block-explorer-syncer/api_storage/asset_issuers.go:35.16,37.3 1 0
github.com/Ethernal-Tech/ucl-block-explorer-syncer/api_storage/asset_issuers.go:39.2,49.16 4 0
github.com/Ethernal-Tech/ucl-block-explorer-syncer/api_storage/asset_issuers.go:49.16,51.3 1 0
github.com/Ethernal-Tech/ucl-block-explorer-syncer/api_storage/asset_issuers.go:53.2,53.58 1 0
github.com/Ethernal-Tech/ucl-block-explorer-syncer/api_storage/asset_issuers.go:53.58,55.3 1 0
github.com/Ethernal-Tech/ucl-block-explorer-syncer/api_storage/asset_issuers.go:57.2,57.36 1 0
github.com/Ethernal-Tech/ucl-block-explorer-syncer/api_storage/asset_issuers.go:57.36,59.3 1 0
github.com/Ethernal-Tech/ucl-block-explorer-syncer/api_storage/asset_issuers.go:61.2,61.16 1 0
github.com/Ethernal-Tech/ucl-block-explorer-syncer/api_storage/asset_issuers.go:64.50,66.17 2 0
github.com/Ethernal-Tech/ucl-block-explorer-syncer/api_storage/asset_issuers.go:66.17,68.3 1 0
github.com/Ethernal-Tech/ucl-block-explorer-syncer/api_storage/asset_issuers.go:70.2,71.16 2 0
github.com/Ethernal-Tech/ucl-block-explorer-syncer/api_storage/asset_issuers.go:71.16,73.3 1 0
github.com/Ethernal-Tech/ucl-block-explorer-syncer/api_storage/asset_issuers.go:75.2,87.16 3 0
github.com/Ethernal-Tech/ucl-block-explorer-syncer/api_storage/asset_issuers.go:87.16,89.3 1 0
github.com/Ethernal-Tech/ucl-block-explorer-syncer/api_storage/asset_issuers.go:91.2,92.15 2 0
github.com/Ethernal-Tech/ucl-block-explorer-syncer/api_storage/asset_issuers.go:92.15,94.3 1 0
github.com/Ethernal-Tech/ucl-block-explorer-syncer/api_storage/asset_issuers.go:96.2,96.108 1 0
github.com/Ethernal-Tech/ucl-block-explorer-syncer/api_storage/asset_issuers.go:96.108,98.3 1 0
github.com/Ethernal-Tech/ucl-block-explorer-syncer/api_storage/asset_issuers.go:100.2,100.65 1 0
github.com/Ethernal-Tech/ucl-block-explorer-syncer/api_storage/asset_issuers.go:100.65,102.3 1 0
github.com/Ethernal-Tech/ucl-block-explorer-syncer/api_storage/asset_issuers.go:104.2,104.36 1 0
github.com/Ethernal-Tech/ucl-block-explorer-syncer/api_storage/asset_issuers.go:104.36,106.3 1 0
github.com/Ethernal-Tech/ucl-block-explorer-syncer/api_storage/asset_issuers.go:108.2,108.12 1 0
github.com/Ethernal-Tech/ucl-block-explorer-syncer/api_storage/asset_issuers.go:111.41,113.17 2 0
github.com/Ethernal-Tech/ucl-block-explorer-syncer/api_storage/asset_issuers.go:113.17,115.3 1 0
github.com/Ethernal-Tech/ucl-block-explorer-syncer/api_storage/asset_issuers.go:117.2,118.16 2 0
github.com/Ethernal-Tech/ucl-block-explorer-syncer/api_storage/asset_issuers.go:118.16,120.3 1 0
github.com/Ethernal-Tech/ucl-block-explorer-syncer/api_storage/asset_issuers.go:122.2,123.15 2 0
github.com/Ethernal-Tech/ucl-block-explorer-syncer/api_storage/asset_issuers.go:123.15,125.3 1 0
github.com/Ethernal-Tech/ucl-block-explorer-syncer/api_storage/asset_issuers.go:127.2,127.12 1 0
github.com/Ethernal-Tech/ucl-block-explorer-syncer/api_storage/asset_issuers.go:130.61,132.17 2 0
github.com/Ethernal-Tech/ucl-block-explorer-syncer/api_storage/asset_issuers.go:132.17,139.3 2 0
github.com/Ethernal-Tech/ucl-block-explorer-syncer/api_storage/asset_issuers.go:141.2,150.16 2 0
github.com/Ethernal-Tech/ucl-block-explorer-syncer/api_storage/asset_issuers.go:150.16,155.3 1 0
github.com/Ethernal-Tech/ucl-block-explorer-syncer/api_storage/asset_issuers.go:157.2,161.18 3 0
github.com/Ethernal-Tech/ucl-block-explorer-syncer/api_storage/asset_issuers.go:161.18,167.60 3 0
github.com/Ethernal-Tech/ucl-block-explorer-syncer/api_storage/asset_issuers.go:167.60,172.4 1 0
github.com/Ethernal-Tech/ucl-block-explorer-syncer/api_storage/asset_issuers.go:174.3,176.30 2 0
github.com/Ethernal-Tech/ucl-block-explorer-syncer/api_storage/asset_issuers.go:179.2,179.35 1 0
github.com/Ethernal-Tech/ucl-block-explorer-syncer/api_storage/asset_issuers.go:179.35,184.3 1 0
github.com/Ethernal-Tech/ucl-block-explorer-syncer/api_storage/asset_issuers.go:186.2,190.8 1 0
github.com/Ethernal-Tech/ucl-block-explorer-syncer/api_storage/asset_issuers.go:193.69,194.30 1 0
github.com/Ethernal-Tech/ucl-block-explorer-syncer/api_storage/asset_issuers.go:194.30,196.17 2 0
github.com/Ethernal-Tech/ucl-block-explorer-syncer/api_storage/asset_issuers.go:196.17,197.12 1 0
github.com/Ethernal-Tech/ucl-block-explorer-syncer/api_storage/asset_issuers.go:200.3,204.17 2 0
github.com/Ethernal-Tech/ucl-block-explorer-syncer/api_storage/asset_issuers.go:204.17,205.61 1 0
github.com/Ethernal-Tech/ucl-block-explorer-syncer/api_storage/asset_issuers.go:205.61,207.5 1 0
github.com/Ethernal-Tech/ucl-block-explorer-syncer/api_storage/asset_issuers.go:209.4,209.67 1 0
github.com/Ethernal-Tech/ucl-block-explorer-syncer/api_storage/asset_issuers.go:209.67,211.5 1 0
github.com/Ethernal-Tech/ucl-block-explorer-syncer/api_storage/asset_issuers.go:213.4,213.53 1 0
github.com/Ethernal-Tech/ucl-block-explorer-syncer/api_storage/asset_issuers.go:217.2,217.12 1 0
github.com/Ethernal-Tech/ucl-block-explorer-syncer/api_storage/asset_issuers.go:220.40,221.13 1 0
github.com/Ethernal-Tech/ucl-block-explorer-syncer/api_storage/asset_issuers.go:221.13,223.3 1 0
github.com/Ethernal-Tech/ucl-block-explorer-syncer/api_storage/asset_issuers.go:225.2,225.10 1 0
github.com/Ethernal-Tech/ucl-block-explorer-syncer/api_storage/circulation_cumulative.go:11.45,15.2 2 4
github.com/Ethernal-Tech/ucl-block-explorer-syncer/api_storage/circulation_cumulative.go:17.42,19.2 1 3
github.com/Ethernal-Tech/ucl-block-explorer-syncer/api_storage/circulation_cumulative.go:24.119,25.80 1 0
github.com/Ethernal-Tech/ucl-block-explorer-syncer/api_storage/circulation_cumulative.go:25.80,27.3 1 0
github.com/Ethernal-Tech/ucl-block-explorer-syncer/api_storage/circulation_cumulative.go:29.2,30.17 2 0
github.com/Ethernal-Tech/ucl-block-explorer-syncer/api_storage/circulation_cumulative.go:30.17,32.3 1 0
github.com/Ethernal-Tech/ucl-block-explorer-syncer/api_storage/circulation_cumulative.go:34.2,35.16 2 0
github.com/Ethernal-Tech/ucl-block-explorer-syncer/api_storage/circulation_cumulative.go:35.16,37.3 1 0
github.com/Ethernal-Tech/ucl-block-explorer-syncer/api_storage/circulation_cumulative.go:39.2,42.19 3 0
github.com/Ethernal-Tech/ucl-block-explorer-syncer/api_storage/circulation_cumulative.go:42.19,44.17 2 0
github.com/Ethernal-Tech/ucl-block-explorer-syncer/api_storage/circulation_cumulative.go:44.17,46.4 1 0
github.com/Ethernal-Tech/ucl-block-explorer-syncer/api_storage/circulation_cumulative.go:48.3,50.25 2 0
github.com/Ethernal-Tech/ucl-block-explorer-syncer/api_storage/circulation_cumulative.go:53.2,60.14 3 0
github.com/Ethernal-Tech/ucl-block-explorer-syncer/api_storage/circulation_cumulative.go:60.14,64.3 2 0
github.com/Ethernal-Tech/ucl-block-explorer-syncer/api_storage/circulation_cumulative.go:66.2,68.24 2 0
github.com/Ethernal-Tech/ucl-block-explorer-syncer/api_storage/circulation_cumulative.go:75.9,80.17 4 0
github.com/Ethernal-Tech/ucl-block-explorer-syncer/api_storage/circulation_cumulative.go:80.17,87.3 2 0
github.com/Ethernal-Tech/ucl-block-explorer-syncer/api_storage/circulation_cumulative.go:89.2,92.16 3 0
github.com/Ethernal-Tech/ucl-block-explorer-syncer/api_storage/circulation_cumulative.go:92.16,94.3 1 0
github.com/Ethernal-Tech/ucl-block-explorer-syncer/api_storage/circulation_cumulative.go:96.2,96.24 1 0
github.com/Ethernal-Tech/ucl-block-explorer-syncer/api_storage/circulation_cumulative.go:96.24,107.3 1 0
github.com/Ethernal-Tech/ucl-block-explorer-syncer/api_storage/circulation_cumulative.go:109.2,109.19 1 0
github.com/Ethernal-Tech/ucl-block-explorer-syncer/api_storage/circulation_cumulative.go:109.19,110.57 1 0
github.com/Ethernal-Tech/ucl-block-explorer-syncer/api_storage/circulation_cumulative.go:110.57,115.4 1 0
github.com/Ethernal-Tech/ucl-block-explorer-syncer/api_storage/circulation_cumulative.go:116.8,118.50 2 0
github.com/Ethernal-Tech/ucl-block-explorer-syncer/api_storage/circulation_cumulative.go:118.50,123.4 1 0
github.com/Ethernal-Tech/ucl-block-explorer-syncer/api_storage/circulation_cumulative.go:126.2,128.11 2 0
github.com/Ethernal-Tech/ucl-block-explorer-syncer/api_storage/circulation_cumulative.go:129.16,130.63 1 0
github.com/Ethernal-Tech/ucl-block-explorer-syncer/api_storage/circulation_cumulative.go:131.17,132.64 1 0
github.com/Ethernal-Tech/ucl-block-explorer-syncer/api_storage/circulation_cumulative.go:133.10,134.62 1 0
github.com/Ethernal-Tech/ucl-block-explorer-syncer/api_storage/circulation_cumulative.go:137.2,137.16 1 0
github.com/Ethernal-Tech/ucl-block-explorer-syncer/api_storage/circulation_cumulative.go:137.16,144.3 2 0
github.com/Ethernal-Tech/ucl-block-explorer-syncer/api_storage/circulation_cumulative.go:146.2,147.16 2 0
github.com/Ethernal-Tech/ucl-block-explorer-syncer/api_storage/circulation_cumulative.go:147.16,158.3 1 0
github.com/Ethernal-Tech/ucl-block-explorer-syncer/api_storage/circulation_cumulative.go:160.2,161.27 2 0
github.com/Ethernal-Tech/ucl-block-explorer-syncer/api_storage/circulation_cumulative.go:161.27,172.3 1 0
github.com/Ethernal-Tech/ucl-block-explorer-syncer/api_storage/circulation_cumulative.go:174.2,175.23 2 0
github.com/Ethernal-Tech/ucl-block-explorer-syncer/api_storage/circulation_cumulative.go:175.23,177.3 1 0
github.com/Ethernal-Tech/ucl-block-explorer-syncer/api_storage/circulation_cumulative.go:179.2,190.8 2 0
github.com/Ethernal-Tech/ucl-block-explorer-syncer/api_storage/circulation_cumulative.go:193.112,209.16 2 0
github.com/Ethernal-Tech/ucl-block-explorer-syncer/api_storage/circulation_cumulative.go:209.16,211.3 1 0
github.com/Ethernal-Tech/ucl-block-explorer-syncer/api_storage/circulation_cumulative.go:213.2,217.18 3 0
github.com/Ethernal-Tech/ucl-block-explorer-syncer/api_storage/circulation_cumulative.go:217.18,222.53 3 0
github.com/Ethernal-Tech/ucl-block-explorer-syncer/api_storage/circulation_cumulative.go:222.53,224.4 1 0
github.com/Ethernal-Tech/ucl-block-explorer-syncer/api_storage/circulation_cumulative.go:226.3,232.5 2 0
github.com/Ethernal-Tech/ucl-block-explorer-syncer/api_storage/circulation_cumulative.go:235.2,235.24 1 0
github.com/Ethernal-Tech/ucl-block-explorer-syncer/api_storage/circulation_cumulative.go:238.111,255.16 2 0
github.com/Ethernal-Tech/ucl-block-explorer-syncer/api_storage/circulation_cumulative.go:255.16,257.3 1 0
github.com/Ethernal-Tech/ucl-block-explorer-syncer/api_storage/circulation_cumulative.go:259.2,263.18 3 0
github.com/Ethernal-Tech/ucl-block-explorer-syncer/api_storage/circulation_cumulative.go:263.18,268.52 3 0
github.com/Ethernal-Tech/ucl-block-explorer-syncer/api_storage/circulation_cumulative.go:268.52,270.4 1 0
github.com/Ethernal-Tech/ucl-block-explorer-syncer/api_storage/circulation_cumulative.go:272.3,278.5 2 0
github.com/Ethernal-Tech/ucl-block-explorer-syncer/api_storage/circulation_cumulative.go:281.2,281.24 1 0
github.com/Ethernal-Tech/ucl-block-explorer-syncer/api_storage/circulation_cumulative.go:284.113,310.16 2 0
github.com/Ethernal-Tech/ucl-block-explorer-syncer/api_storage/circulation_cumulative.go:310.16,312.3 1 0
github.com/Ethernal-Tech/ucl-block-explorer-syncer/api_storage/circulation_cumulative.go:313.2,317.18 3 0
github.com/Ethernal-Tech/ucl-block-explorer-syncer/api_storage/circulation_cumulative.go:317.18,322.52 3 0
github.com/Ethernal-Tech/ucl-block-explorer-syncer/api_storage/circulation_cumulative.go:322.52,324.4 1 0
github.com/Ethernal-Tech/ucl-block-explorer-syncer/api_storage/circulation_cumulative.go:326.3,332.5 2 0
github.com/Ethernal-Tech/ucl-block-explorer-syncer/api_storage/circulation_cumulative.go:335.2,335.24 1 0
github.com/Ethernal-Tech/ucl-block-explorer-syncer/api_storage/db.go:12.26,14.2 1 0
github.com/Ethernal-Tech/ucl-block-explorer-syncer/api_storage/db.go:16.22,18.2 1 4
github.com/Ethernal-Tech/ucl-block-explorer-syncer/api_storage/helper.go:3.27,4.12 1 13
github.com/Ethernal-Tech/ucl-block-explorer-syncer/api_storage/helper.go:4.12,6.3 1 10
github.com/Ethernal-Tech/ucl-block-explorer-syncer/api_storage/helper.go:8.2,8.10 1 3
github.com/Ethernal-Tech/ucl-block-explorer-syncer/api_storage/helper.go:11.41,12.25 1 7
github.com/Ethernal-Tech/ucl-block-explorer-syncer/api_storage/helper.go:12.25,14.3 1 4
github.com/Ethernal-Tech/ucl-block-explorer-syncer/api_storage/helper.go:16.2,16.11 1 3
github.com/Ethernal-Tech/ucl-block-explorer-syncer/api_storage/helper.go:19.38,20.26 1 15
github.com/Ethernal-Tech/ucl-block-explorer-syncer/api_storage/helper.go:20.26,22.3 1 12
github.com/Ethernal-Tech/ucl-block-explorer-syncer/api_storage/helper.go:24.2,24.11 1 3
github.com/Ethernal-Tech/ucl-block-explorer-syncer/api_storage/helper.go:27.37,28.25 1 7
github.com/Ethernal-Tech/ucl-block-explorer-syncer/api_storage/helper.go:28.25,30.3 1 4
github.com/Ethernal-Tech/ucl-block-explorer-syncer/api_storage/helper.go:32.2,32.11 1 3
github.com/Ethernal-Tech/ucl-block-explorer-syncer/api_storage/helper.go:35.46,36.25 1 11
github.com/Ethernal-Tech/ucl-block-explorer-syncer/api_storage/helper.go:36.25,38.3 1 8
github.com/Ethernal-Tech/ucl-block-explorer-syncer/api_storage/helper.go:40.2,40.11 1 3
github.com/Ethernal-Tech/ucl-block-explorer-syncer/api_storage/helper.go:43.47,45.2 1 14
github.com/Ethernal-Tech/ucl-block-explorer-syncer/api_storage/stats_time_range.go:12.44,13.47 1 10
github.com/Ethernal-Tech/ucl-block-explorer-syncer/api_storage/stats_time_range.go:14.36,15.47 1 7
github.com/Ethernal-Tech/ucl-block-explorer-syncer/api_storage/stats_time_range.go:16.10,17.17 1 3
github.com/Ethernal-Tech/ucl-block-explorer-syncer/api_storage/stats_time_range.go:23.112,27.40 3 12
github.com/Ethernal-Tech/ucl-block-explorer-syncer/api_storage/stats_time_range.go:27.40,28.41 1 8
github.com/Ethernal-Tech/ucl-block-explorer-syncer/api_storage/stats_time_range.go:28.41,30.4 1 2
github.com/Ethernal-Tech/ucl-block-explorer-syncer/api_storage/stats_time_range.go:32.3,33.17 2 6
github.com/Ethernal-Tech/ucl-block-explorer-syncer/api_storage/stats_time_range.go:33.17,35.4 1 1
github.com/Ethernal-Tech/ucl-block-explorer-syncer/api_storage/stats_time_range.go:37.3,38.17 2 5
github.com/Ethernal-Tech/ucl-block-explorer-syncer/api_storage/stats_time_range.go:38.17,40.4 1 1
github.com/Ethernal-Tech/ucl-block-explorer-syncer/api_storage/stats_time_range.go:42.3,45.32 3 4
github.com/Ethernal-Tech/ucl-block-explorer-syncer/api_storage/stats_time_range.go:45.32,47.4 1 2
github.com/Ethernal-Tech/ucl-block-explorer-syncer/api_storage/stats_time_range.go:49.3,49.32 1 2
github.com/Ethernal-Tech/ucl-block-explorer-syncer/api_storage/stats_time_range.go:52.2,55.17 3 4
github.com/Ethernal-Tech/ucl-block-explorer-syncer/api_storage/stats_time_range.go:55.17,57.3 1 0
github.com/Ethernal-Tech/ucl-block-explorer-syncer/api_storage/stats_time_range.go:59.2,59.19 1 4
github.com/Ethernal-Tech/ucl-block-explorer-syncer/api_storage/stats_time_range.go:59.19,61.3 1 1
github.com/Ethernal-Tech/ucl-block-explorer-syncer/api_storage/stats_time_range.go:63.2,64.16 2 4
github.com/Ethernal-Tech/ucl-block-explorer-syncer/api_storage/stats_time_range.go:64.16,66.3 1 1
github.com/Ethernal-Tech/ucl-block-explorer-syncer/api_storage/stats_time_range.go:68.2,69.16 2 3
github.com/Ethernal-Tech/ucl-block-explorer-syncer/api_storage/stats_time_range.go:69.16,71.3 1 1
github.com/Ethernal-Tech/ucl-block-explorer-syncer/api_storage/stats_time_range.go:73.2,76.31 3 2
github.com/Ethernal-Tech/ucl-block-explorer-syncer/api_storage/stats_time_range.go:79.52,80.31 1 9
github.com/Ethernal-Tech/ucl-block-explorer-syncer/api_storage/stats_time_range.go:80.31,82.3 1 2
github.com/Ethernal-Tech/ucl-block-explorer-syncer/api_storage/stats_time_range.go:84.2,86.25 2 7
github.com/Ethernal-Tech/ucl-block-explorer-syncer/api_storage/stats_time_range.go:90.41,91.14 1 6
github.com/Ethernal-Tech/ucl-block-explorer-syncer/api_storage/stats_time_range.go:92.16,93.18 1 1
github.com/Ethernal-Tech/ucl-block-explorer-syncer/api_storage/stats_time_range.go:94.17,95.19 1 1
github.com/Ethernal-Tech/ucl-block-explorer-syncer/api_storage/stats_time_range.go:96.10,97.17 1 4
github.com/Ethernal-Tech/ucl-block-explorer-syncer/api_storage/stats_time_range.go:103.120,107.40 3 8
github.com/Ethernal-Tech/ucl-block-explorer-syncer/api_storage/stats_time_range.go:107.40,108.41 1 2
github.com/Ethernal-Tech/ucl-block-explorer-syncer/api_storage/stats_time_range.go:108.41,110.4 1 1
github.com/Ethernal-Tech/ucl-block-explorer-syncer/api_storage/stats_time_range.go:112.3,113.17 2 1
github.com/Ethernal-Tech/ucl-block-explorer-syncer/api_storage/stats_time_range.go:113.17,115.4 1 0
github.com/Ethernal-Tech/ucl-block-explorer-syncer/api_storage/stats_time_range.go:117.3,117.27 1 1
github.com/Ethernal-Tech/ucl-block-explorer-syncer/api_storage/stats_time_range.go:120.2,120.36 1 6
github.com/Ethernal-Tech/ucl-block-explorer-syncer/api_storage/stats_time_range.go:120.36,122.17 2 3
github.com/Ethernal-Tech/ucl-block-explorer-syncer/api_storage/stats_time_range.go:122.17,124.4 1 1
github.com/Ethernal-Tech/ucl-block-explorer-syncer/api_storage/stats_time_range.go:126.3,127.15 2 2
github.com/Ethernal-Tech/ucl-block-explorer-syncer/api_storage/stats_time_range.go:130.2,130.38 1 5
github.com/Ethernal-Tech/ucl-block-explorer-syncer/api_storage/stats_time_range.go:130.38,132.17 2 3
github.com/Ethernal-Tech/ucl-block-explorer-syncer/api_storage/stats_time_range.go:132.17,134.4 1 1
github.com/Ethernal-Tech/ucl-block-explorer-syncer/api_storage/stats_time_range.go:136.3,137.15 2 2
github.com/Ethernal-Tech/ucl-block-explorer-syncer/api_storage/stats_time_range.go:140.2,140.30 1 4
github.com/Ethernal-Tech/ucl-block-explorer-syncer/api_storage/token_transfers.go:52.84,56.16 3 4
github.com/Ethernal-Tech/ucl-block-explorer-syncer/api_storage/token_transfers.go:56.16,58.3 1 1
github.com/Ethernal-Tech/ucl-block-explorer-syncer/api_storage/token_transfers.go:60.2,62.42 2 3
github.com/Ethernal-Tech/ucl-block-explorer-syncer/api_storage/token_transfers.go:62.42,64.17 2 0
github.com/Ethernal-Tech/ucl-block-explorer-syncer/api_storage/token_transfers.go:64.17,66.4 1 0
github.com/Ethernal-Tech/ucl-block-explorer-syncer/api_storage/token_transfers.go:68.3,68.24 1 0
github.com/Ethernal-Tech/ucl-block-explorer-syncer/api_storage/token_transfers.go:71.2,73.44 2 3
github.com/Ethernal-Tech/ucl-block-explorer-syncer/api_storage/token_transfers.go:73.44,75.10 2 1
github.com/Ethernal-Tech/ucl-block-explorer-syncer/api_storage/token_transfers.go:75.10,77.4 1 0
github.com/Ethernal-Tech/ucl-block-explorer-syncer/api_storage/token_transfers.go:79.3,80.17 2 1
github.com/Ethernal-Tech/ucl-block-explorer-syncer/api_storage/token_transfers.go:83.2,85.42 2 3
github.com/Ethernal-Tech/ucl-block-explorer-syncer/api_storage/token_transfers.go:85.42,87.10 2 1
github.com/Ethernal-Tech/ucl-block-explorer-syncer/api_storage/token_transfers.go:87.10,89.4 1 0
github.com/Ethernal-Tech/ucl-block-explorer-syncer/api_storage/token_transfers.go:91.3,92.15 2 1
github.com/Ethernal-Tech/ucl-block-explorer-syncer/api_storage/token_transfers.go:95.2,95.65 1 3
github.com/Ethernal-Tech/ucl-block-explorer-syncer/api_storage/token_transfers.go:95.65,97.3 1 1
github.com/Ethernal-Tech/ucl-block-explorer-syncer/api_storage/token_transfers.go:99.2,101.41 2 2
github.com/Ethernal-Tech/ucl-block-explorer-syncer/api_storage/token_transfers.go:101.41,103.17 2 1
github.com/Ethernal-Tech/ucl-block-explorer-syncer/api_storage/token_transfers.go:103.17,105.4 1 1
github.com/Ethernal-Tech/ucl-block-explorer-syncer/api_storage/token_transfers.go:107.3,107.14 1 0
github.com/Ethernal-Tech/ucl-block-explorer-syncer/api_storage/token_transfers.go:110.2,111.17 2 1
github.com/Ethernal-Tech/ucl-block-explorer-syncer/api_storage/token_transfers.go:111.17,115.3 2 1
github.com/Ethernal-Tech/ucl-block-explorer-syncer/api_storage/token_transfers.go:117.2,128.22 5 0
github.com/Ethernal-Tech/ucl-block-explorer-syncer/api_storage/token_transfers.go:128.22,133.3 3 0
github.com/Ethernal-Tech/ucl-block-explorer-syncer/api_storage/token_transfers.go:135.2,135.20 1 0
github.com/Ethernal-Tech/ucl-block-explorer-syncer/api_storage/token_transfers.go:135.20,140.3 3 0
github.com/Ethernal-Tech/ucl-block-explorer-syncer/api_storage/token_transfers.go:142.2,142.24 1 0
github.com/Ethernal-Tech/ucl-block-explorer-syncer/api_storage/token_transfers.go:142.24,148.3 4 0
github.com/Ethernal-Tech/ucl-block-explorer-syncer/api_storage/token_transfers.go:150.2,150.19 1 0
github.com/Ethernal-Tech/ucl-block-explorer-syncer/api_storage/token_transfers.go:150.19,160.3 3 0
github.com/Ethernal-Tech/ucl-block-explorer-syncer/api_storage/token_transfers.go:162.2,170.16 4 0
github.com/Ethernal-Tech/ucl-block-explorer-syncer/api_storage/token_transfers.go:170.16,174.3 2 0
github.com/Ethernal-Tech/ucl-block-explorer-syncer/api_storage/token_transfers.go:175.2,179.18 3 0
github.com/Ethernal-Tech/ucl-block-explorer-syncer/api_storage/token_transfers.go:179.18,189.95 2 0
github.com/Ethernal-Tech/ucl-block-explorer-syncer/api_storage/token_transfers.go:189.95,191.4 1 0
github.com/Ethernal-Tech/ucl-block-explorer-syncer/api_storage/token_transfers.go:193.3,194.10 2 0
github.com/Ethernal-Tech/ucl-block-explorer-syncer/api_storage/token_transfers.go:194.10,195.12 1 0
github.com/Ethernal-Tech/ucl-block-explorer-syncer/api_storage/token_transfers.go:198.3,206.5 1 0
github.com/Ethernal-Tech/ucl-block-explorer-syncer/api_storage/token_transfers.go:209.2,209.35 1 0
github.com/Ethernal-Tech/ucl-block-explorer-syncer/api_storage/token_transfers.go:209.35,211.3 1 0
github.com/Ethernal-Tech/ucl-block-explorer-syncer/api_storage/token_transfers.go:213.2,218.31 2 0
github.com/Ethernal-Tech/ucl-block-explorer-syncer/api_storage/token_transfers.go:218.31,226.3 3 0
github.com/Ethernal-Tech/ucl-block-explorer-syncer/api_storage/token_transfers.go:228.2,228.18 1 0
github.com/Ethernal-Tech/ucl-block-explorer-syncer/api_storage/token_transfers.go:231.62,235.2 2 2
github.com/Ethernal-Tech/ucl-block-explorer-syncer/api_storage/token_transfers.go:237.71,239.16 2 7
github.com/Ethernal-Tech/ucl-block-explorer-syncer/api_storage/token_transfers.go:239.16,241.3 1 1
github.com/Ethernal-Tech/ucl-block-explorer-syncer/api_storage/token_transfers.go:243.2,244.21 2 6
github.com/Ethernal-Tech/ucl-block-explorer-syncer/api_storage/token_transfers.go:244.21,246.3 1 3
github.com/Ethernal-Tech/ucl-block-explorer-syncer/api_storage/token_transfers.go:248.2,249.35 2 3
github.com/Ethernal-Tech/ucl-block-explorer-syncer/api_storage/token_transfers.go:249.35,251.3 1 1
github.com/Ethernal-Tech/ucl-block-explorer-syncer/api_storage/token_transfers.go:253.2,254.32 2 2
github.com/Ethernal-Tech/ucl-block-explorer-syncer/api_storage/token_transfers.go:254.32,256.3 1 0
github.com/Ethernal-Tech/ucl-block-explorer-syncer/api_storage/token_transfers.go:258.2,259.28 2 2
github.com/Ethernal-Tech/ucl-block-explorer-syncer/api_storage/token_transfers.go:259.28,261.3 1 1
github.com/Ethernal-Tech/ucl-block-explorer-syncer/api_storage/token_transfers.go:263.2,267.8 1 1
github.com/Ethernal-Tech/ucl-block-explorer-syncer/api_storage/token_transfers.go:270.38,271.55 1 5
github.com/Ethernal-Tech/ucl-block-explorer-syncer/api_storage/token_transfers.go:271.55,273.3 1 3
github.com/Ethernal-Tech/ucl-block-explorer-syncer/api_storage/token_transfers.go:275.2,275.29 1 2
github.com/Ethernal-Tech/ucl-block-explorer-syncer/api_storage/token_transfers.go:275.29,276.84 1 128
github.com/Ethernal-Tech/ucl-block-explorer-syncer/api_storage/token_transfers.go:276.84,278.4 1 0
github.com/Ethernal-Tech/ucl-block-explorer-syncer/api_storage/token_transfers.go:281.2,281.13 1 2
github.com/Ethernal-Tech/ucl-block-explorer-syncer/api_storage/validator_metadata.go:23.57,25.17 2 0
github.com/Ethernal-Tech/ucl-block-explorer-syncer/api_storage/validator_metadata.go:25.17,27.3 1 0
github.com/Ethernal-Tech/ucl-block-explorer-syncer/api_storage/validator_metadata.go:29.2,38.16 2 0
github.com/Ethernal-Tech/ucl-block-explorer-syncer/api_storage/validator_metadata.go:38.16,40.3 1 0
github.com/Ethernal-Tech/ucl-block-explorer-syncer/api_storage/validator_metadata.go:42.2,42.12 1 0
github.com/Ethernal-Tech/ucl-block-explorer-syncer/api_storage/validator_metadata.go:45.52,47.17 2 0
github.com/Ethernal-Tech/ucl-block-explorer-syncer/api_storage/validator_metadata.go:47.17,49.3 1 0
github.com/Ethernal-Tech/ucl-block-explorer-syncer/api_storage/validator_metadata.go:51.2,52.16 2 0
github.com/Ethernal-Tech/ucl-block-explorer-syncer/api_storage/validator_metadata.go:52.16,54.3 1 0
github.com/Ethernal-Tech/ucl-block-explorer-syncer/api_storage/validator_metadata.go:56.2,57.15 2 0
github.com/Ethernal-Tech/ucl-block-explorer-syncer/api_storage/validator_metadata.go:57.15,59.3 1 0
github.com/Ethernal-Tech/ucl-block-explorer-syncer/api_storage/validator_metadata.go:61.2,61.12 1 0
github.com/Ethernal-Tech/ucl-block-explorer-syncer/api_storage/validator_metadata.go:64.73,66.17 2 0
github.com/Ethernal-Tech/ucl-block-explorer-syncer/api_storage/validator_metadata.go:66.17,73.3 2 0
github.com/Ethernal-Tech/ucl-block-explorer-syncer/api_storage/validator_metadata.go:75.2,81.16 2 0
github.com/Ethernal-Tech/ucl-block-explorer-syncer/api_storage/validator_metadata.go:81.16,86.3 1 0
github.com/Ethernal-Tech/ucl-block-explorer-syncer/api_storage/validator_metadata.go:88.2,92.18 3 0
github.com/Ethernal-Tech/ucl-block-explorer-syncer/api_storage/validator_metadata.go:92.18,95.97 2 0
github.com/Ethernal-Tech/ucl-block-explorer-syncer/api_storage/validator_metadata.go:95.97,100.4 1 0
github.com/Ethernal-Tech/ucl-block-explorer-syncer/api_storage/validator_metadata.go:102.3,102.25 1 0
github.com/Ethernal-Tech/ucl-block-explorer-syncer/api_storage/validator_metadata.go:105.2,105.35 1 0
github.com/Ethernal-Tech/ucl-block-explorer-syncer/api_storage/validator_metadata.go:105.35,110.3 1 0
github.com/Ethernal-Tech/ucl-block-explorer-syncer/api_storage/validator_metadata.go:112.2,116.8 1 0
github.com/Ethernal-Tech/ucl-block-explorer-syncer/api_storage/validator_utilization.go:44.104,49.17 4 0
github.com/Ethernal-Tech/ucl-block-explorer-syncer/api_storage/validator_utilization.go:49.17,56.3 2 0
github.com/Ethernal-Tech/ucl-block-explorer-syncer/api_storage/validator_utilization.go:58.2,62.11 3 0
github.com/Ethernal-Tech/ucl-block-explorer-syncer/api_storage/validator_utilization.go:63.16,64.81 1 0
github.com/Ethernal-Tech/ucl-block-explorer-syncer/api_storage/validator_utilization.go:65.17,66.82 1 0
github.com/Ethernal-Tech/ucl-block-explorer-syncer/api_storage/validator_utilization.go:67.10,68.80 1 0
github.com/Ethernal-Tech/ucl-block-explorer-syncer/api_storage/validator_utilization.go:71.2,72.16 2 0
github.com/Ethernal-Tech/ucl-block-explorer-syncer/api_storage/validator_utilization.go:72.16,74.3 1 0
github.com/Ethernal-Tech/ucl-block-explorer-syncer/api_storage/validator_utilization.go:77.2,77.19 1 0
github.com/Ethernal-Tech/ucl-block-explorer-syncer/api_storage/validator_utilization.go:77.19,78.20 1 0
github.com/Ethernal-Tech/ucl-block-explorer-syncer/api_storage/validator_utilization.go:78.20,80.4 1 0
github.com/Ethernal-Tech/ucl-block-explorer-syncer/api_storage/validator_utilization.go:82.3,82.33 1 0
github.com/Ethernal-Tech/ucl-block-explorer-syncer/api_storage/validator_utilization.go:85.2,85.19 1 0
github.com/Ethernal-Tech/ucl-block-explorer-syncer/api_storage/validator_utilization.go:85.19,87.3 1 0
github.com/Ethernal-Tech/ucl-block-explorer-syncer/api_storage/validator_utilization.go:90.2,92.11 2 0
github.com/Ethernal-Tech/ucl-block-explorer-syncer/api_storage/validator_utilization.go:93.16,94.15 1 0
github.com/Ethernal-Tech/ucl-block-explorer-syncer/api_storage/validator_utilization.go:95.17,96.16 1 0
github.com/Ethernal-Tech/ucl-block-explorer-syncer/api_storage/validator_utilization.go:97.10,98.15 1 0
github.com/Ethernal-Tech/ucl-block-explorer-syncer/api_storage/validator_utilization.go:101.2,102.20 2 0
github.com/Ethernal-Tech/ucl-block-explorer-syncer/api_storage/validator_utilization.go:102.20,107.3 1 0
github.com/Ethernal-Tech/ucl-block-explorer-syncer/api_storage/validator_utilization.go:110.2,114.25 4 0
github.com/Ethernal-Tech/ucl-block-explorer-syncer/api_storage/validator_utilization.go:114.25,116.17 2 0
github.com/Ethernal-Tech/ucl-block-explorer-syncer/api_storage/validator_utilization.go:116.17,121.4 1 0
github.com/Ethernal-Tech/ucl-block-explorer-syncer/api_storage/validator_utilization.go:123.3,127.11 3 0
github.com/Ethernal-Tech/ucl-block-explorer-syncer/api_storage/validator_utilization.go:130.2,159.16 8 0
github.com/Ethernal-Tech/ucl-block-explorer-syncer/api_storage/validator_utilization.go:159.16,164.3 1 0
github.com/Ethernal-Tech/ucl-block-explorer-syncer/api_storage/validator_utilization.go:166.2,170.18 3 0
github.com/Ethernal-Tech/ucl-block-explorer-syncer/api_storage/validator_utilization.go:170.18,176.70 3 0
github.com/Ethernal-Tech/ucl-block-explorer-syncer/api_storage/validator_utilization.go:176.70,181.4 1 0
github.com/Ethernal-Tech/ucl-block-explorer-syncer/api_storage/validator_utilization.go:183.3,183.12 1 0
github.com/Ethernal-Tech/ucl-block-explorer-syncer/api_storage/validator_utilization.go:184.17,185.51 1 0
github.com/Ethernal-Tech/ucl-block-explorer-syncer/api_storage/validator_utilization.go:186.18,187.48 1 0
github.com/Ethernal-Tech/ucl-block-explorer-syncer/api_storage/validator_utilization.go:188.11,189.51 1 0
github.com/Ethernal-Tech/ucl-block-explorer-syncer/api_storage/validator_utilization.go:192.3,192.25 1 0
github.com/Ethernal-Tech/ucl-block-explorer-syncer/api_storage/validator_utilization.go:195.2,195.35 1 0
github.com/Ethernal-Tech/ucl-block-explorer-syncer/api_storage/validator_utilization.go:195.35,200.3 1 0
github.com/Ethernal-Tech/ucl-block-explorer-syncer/api_storage/validator_utilization.go:202.2,205.25 3 0
github.com/Ethernal-Tech/ucl-block-explorer-syncer/api_storage/validator_utilization.go:205.25,216.3 1 0
github.com/Ethernal-Tech/ucl-block-explorer-syncer/api_storage/validator_utilization.go:218.2,219.21 2 0
github.com/Ethernal-Tech/ucl-block-explorer-syncer/api_storage/validator_utilization.go:219.21,221.3 1 0
github.com/Ethernal-Tech/ucl-block-explorer-syncer/api_storage/validator_utilization.go:223.2,232.8 1 0
github.com/Ethernal-Tech/ucl-block-explorer-syncer/common/helper.go:10.52,12.16 2 0
github.com/Ethernal-Tech/ucl-block-explorer-syncer/common/helper.go:12.16,14.3 1 0
github.com/Ethernal-Tech/ucl-block-explorer-syncer/common/helper.go:16.2,16.31 1 0
github.com/Ethernal-Tech/ucl-block-explorer-syncer/common/helper.go:16.31,18.3 1 0
github.com/Ethernal-Tech/ucl-block-explorer-syncer/common/helper.go:20.2,20.42 1 0
github.com/Ethernal-Tech/ucl-block-explorer-syncer/esg_aggregation_backend/esg_aggregation_backend.go:29.109,34.2 1 0
github.com/Ethernal-Tech/ucl-block-explorer-syncer/esg_aggregation_backend/esg_aggregation_backend.go:38.37,42.16 3 0
github.com/Ethernal-Tech/ucl-block-explorer-syncer/esg_aggregation_backend/esg_aggregation_backend.go:42.16,44.3 1 0
github.com/Ethernal-Tech/ucl-block-explorer-syncer/esg_aggregation_backend/esg_aggregation_backend.go:46.2,53.18 5 0
github.com/Ethernal-Tech/ucl-block-explorer-syncer/esg_aggregation_backend/esg_aggregation_backend.go:53.18,56.3 2 0
github.com/Ethernal-Tech/ucl-block-explorer-syncer/esg_aggregation_backend/esg_aggregation_backend.go:56.8,59.3 1 0
github.com/Ethernal-Tech/ucl-block-explorer-syncer/esg_aggregation_backend/esg_aggregation_backend.go:61.2,62.16 2 0
github.com/Ethernal-Tech/ucl-block-explorer-syncer/esg_aggregation_backend/esg_aggregation_backend.go:62.16,64.3 1 0
github.com/Ethernal-Tech/ucl-block-explorer-syncer/esg_aggregation_backend/esg_aggregation_backend.go:66.2,69.16 3 0
github.com/Ethernal-Tech/ucl-block-explorer-syncer/esg_aggregation_backend/esg_aggregation_backend.go:69.16,71.3 1 0
github.com/Ethernal-Tech/ucl-block-explorer-syncer/esg_aggregation_backend/esg_aggregation_backend.go:73.2,73.25 1 0
github.com/Ethernal-Tech/ucl-block-explorer-syncer/esg_aggregation_backend/esg_aggregation_backend.go:76.59,82.16 3 0
github.com/Ethernal-Tech/ucl-block-explorer-syncer/esg_aggregation_backend/esg_aggregation_backend.go:82.16,83.27 1 0
github.com/Ethernal-Tech/ucl-block-explorer-syncer/esg_aggregation_backend/esg_aggregation_backend.go:83.27,85.4 1 0
github.com/Ethernal-Tech/ucl-block-explorer-syncer/esg_aggregation_backend/esg_aggregation_backend.go:87.3,87.74 1 0
github.com/Ethernal-Tech/ucl-block-explorer-syncer/esg_aggregation_backend/esg_aggregation_backend.go:90.2,90.14 1 0
github.com/Ethernal-Tech/ucl-block-explorer-syncer/esg_aggregation_backend/esg_aggregation_backend.go:90.14,92.3 1 0
github.com/Ethernal-Tech/ucl-block-explorer-syncer/esg_aggregation_backend/esg_aggregation_backend.go:94.2,94.35 1 0
github.com/Ethernal-Tech/ucl-block-explorer-syncer/esg_aggregation_backend/esg_aggregation_backend.go:99.9,100.57 1 0
github.com/Ethernal-Tech/ucl-block-explorer-syncer/esg_aggregation_backend/esg_aggregation_backend.go:100.57,102.3 1 0
github.com/Ethernal-Tech/ucl-block-explorer-syncer/esg_aggregation_backend/esg_aggregation_backend.go:104.2,104.82 1 0
github.com/Ethernal-Tech/ucl-block-explorer-syncer/esg_aggregation_backend/esg_aggregation_backend.go:104.82,105.41 1 0
github.com/Ethernal-Tech/ucl-block-explorer-syncer/esg_aggregation_backend/esg_aggregation_backend.go:105.41,106.22 1 0
github.com/Ethernal-Tech/ucl-block-explorer-syncer/esg_aggregation_backend/esg_aggregation_backend.go:106.22,108.5 1 0
github.com/Ethernal-Tech/ucl-block-explorer-syncer/esg_aggregation_backend/esg_aggregation_backend.go:110.4,110.19 1 0
github.com/Ethernal-Tech/ucl-block-explorer-syncer/esg_aggregation_backend/esg_aggregation_backend.go:113.3,113.11 1 0
github.com/Ethernal-Tech/ucl-block-explorer-syncer/esg_aggregation_backend/esg_aggregation_backend.go:116.2,119.35 2 0
github.com/Ethernal-Tech/ucl-block-explorer-syncer/esg_aggregation_backend/esg_aggregation_backend.go:119.35,123.92 2 0
github.com/Ethernal-Tech/ucl-block-explorer-syncer/esg_aggregation_backend/esg_aggregation_backend.go:123.92,124.12 1 0
github.com/Ethernal-Tech/ucl-block-explorer-syncer/esg_aggregation_backend/esg_aggregation_backend.go:127.3,135.4 5 0
github.com/Ethernal-Tech/ucl-block-explorer-syncer/esg_aggregation_backend/esg_aggregation_backend.go:139.2,140.16 2 0
github.com/Ethernal-Tech/ucl-block-explorer-syncer/esg_aggregation_backend/esg_aggregation_backend.go:140.16,142.3 1 0
github.com/Ethernal-Tech/ucl-block-explorer-syncer/esg_aggregation_backend/esg_aggregation_backend.go:144.2,146.33 2 0
github.com/Ethernal-Tech/ucl-block-explorer-syncer/esg_aggregation_backend/esg_aggregation_backend.go:146.33,156.17 3 0
github.com/Ethernal-Tech/ucl-block-explorer-syncer/esg_aggregation_backend/esg_aggregation_backend.go:156.17,158.4 1 0
github.com/Ethernal-Tech/ucl-block-explorer-syncer/esg_aggregation_backend/esg_aggregation_backend.go:162.2,162.35 1 0
github.com/Ethernal-Tech/ucl-block-explorer-syncer/esg_aggregation_backend/esg_aggregation_backend.go:162.35,164.3 1 0
github.com/Ethernal-Tech/ucl-block-explorer-syncer/esg_aggregation_backend/esg_aggregation_backend.go:166.2,166.12 1 0
github.com/Ethernal-Tech/ucl-block-explorer-syncer/esg_aggregation_backend/esg_aggregation_backend.go:173.56,176.66 2 0
github.com/Ethernal-Tech/ucl-block-explorer-syncer/esg_aggregation_backend/esg_aggregation_backend.go:176.66,178.22 2 0
github.com/Ethernal-Tech/ucl-block-explorer-syncer/esg_aggregation_backend/esg_aggregation_backend.go:178.22,181.4 1 0
github.com/Ethernal-Tech/ucl-block-explorer-syncer/esg_aggregation_backend/esg_aggregation_backend.go:183.3,184.70 1 0
github.com/Ethernal-Tech/ucl-block-explorer-syncer/esg_aggregation_backend/esg_aggregation_backend.go:188.2,189.16 2 0
github.com/Ethernal-Tech/ucl-block-explorer-syncer/esg_aggregation_backend/esg_aggregation_backend.go:189.16,191.3 1 0
github.com/Ethernal-Tech/ucl-block-explorer-syncer/esg_aggregation_backend/esg_aggregation_backend.go:194.2,202.6 4 0
github.com/Ethernal-Tech/ucl-block-explorer-syncer/esg_aggregation_backend/esg_aggregation_backend.go:202.6,218.17 3 0
github.com/Ethernal-Tech/ucl-block-explorer-syncer/esg_aggregation_backend/esg_aggregation_backend.go:218.17,220.4 1 0
github.com/Ethernal-Tech/ucl-block-explorer-syncer/esg_aggregation_backend/esg_aggregation_backend.go:222.3,224.36 2 0
github.com/Ethernal-Tech/ucl-block-explorer-syncer/esg_aggregation_backend/esg_aggregation_backend.go:224.36,225.9 1 0
github.com/Ethernal-Tech/ucl-block-explorer-syncer/esg_aggregation_backend/esg_aggregation_backend.go:228.3,228.37 1 0
github.com/Ethernal-Tech/ucl-block-explorer-syncer/esg_aggregation_backend/esg_aggregation_backend.go:231.2,231.20 1 0
github.com/Ethernal-Tech/ucl-block-explorer-syncer/explorer/handlers.go:15.30,17.44 1 0
github.com/Ethernal-Tech/ucl-block-explorer-syncer/explorer/handlers.go:17.44,19.4 1 0
github.com/Ethernal-Tech/ucl-block-explorer-syncer/explorer/handlers.go:23.53,24.21 1 0
github.com/Ethernal-Tech/ucl-block-explorer-syncer/explorer/handlers.go:24.21,26.3 1 0
github.com/Ethernal-Tech/ucl-block-explorer-syncer/explorer/handlers.go:30.89,31.16 1 0
github.com/Ethernal-Tech/ucl-block-explorer-syncer/explorer/handlers.go:31.16,36.3 1 0
github.com/Ethernal-Tech/ucl-block-explorer-syncer/explorer/handlers.go:38.2,39.16 2 0
github.com/Ethernal-Tech/ucl-block-explorer-syncer/explorer/handlers.go:39.16,43.3 2 0
github.com/Ethernal-Tech/ucl-block-explorer-syncer/explorer/handlers.go:45.2,45.22 1 0
github.com/Ethernal-Tech/ucl-block-explorer-syncer/explorer/handlers.go:49.93,50.41 1 0
github.com/Ethernal-Tech/ucl-block-explorer-syncer/explorer/handlers.go:50.41,55.3 1 0
github.com/Ethernal-Tech/ucl-block-explorer-syncer/explorer/handlers.go:57.2,58.16 2 0
github.com/Ethernal-Tech/ucl-block-explorer-syncer/explorer/handlers.go:58.16,62.3 2 0
github.com/Ethernal-Tech/ucl-block-explorer-syncer/explorer/handlers.go:64.2,64.22 1 0
github.com/Ethernal-Tech/ucl-block-explorer-syncer/explorer/handlers.go:68.87,69.16 1 0
github.com/Ethernal-Tech/ucl-block-explorer-syncer/explorer/handlers.go:69.16,73.3 1 0
github.com/Ethernal-Tech/ucl-block-explorer-syncer/explorer/handlers.go:75.2,75.73 1 0
github.com/Ethernal-Tech/ucl-block-explorer-syncer/explorer/handlers.go:75.73,77.3 1 0
github.com/Ethernal-Tech/ucl-block-explorer-syncer/explorer/handlers.go:79.2,80.16 2 0
github.com/Ethernal-Tech/ucl-block-explorer-syncer/explorer/handlers.go:80.16,84.3 2 0
github.com/Ethernal-Tech/ucl-block-explorer-syncer/explorer/handlers.go:86.2,86.22 1 0
github.com/Ethernal-Tech/ucl-block-explorer-syncer/explorer/handlers.go:90.101,91.16 1 0
github.com/Ethernal-Tech/ucl-block-explorer-syncer/explorer/handlers.go:91.16,96.3 1 0
github.com/Ethernal-Tech/ucl-block-explorer-syncer/explorer/handlers.go:98.2,99.16 2 0
github.com/Ethernal-Tech/ucl-block-explorer-syncer/explorer/handlers.go:99.16,103.3 2 0
github.com/Ethernal-Tech/ucl-block-explorer-syncer/explorer/handlers.go:105.2,105.22 1 0
github.com/Ethernal-Tech/ucl-block-explorer-syncer/explorer/handlers.go:109.75,110.16 1 0
github.com/Ethernal-Tech/ucl-block-explorer-syncer/explorer/handlers.go:110.16,115.3 1 0
github.com/Ethernal-Tech/ucl-block-explorer-syncer/explorer/handlers.go:117.2,118.16 2 0
github.com/Ethernal-Tech/ucl-block-explorer-syncer/explorer/handlers.go:118.16,122.3 2 0
github.com/Ethernal-Tech/ucl-block-explorer-syncer/explorer/handlers.go:124.2,124.59 1 0
github.com/Ethernal-Tech/ucl-block-explorer-syncer/explorer/handlers.go:124.59,126.3 1 0
github.com/Ethernal-Tech/ucl-block-explorer-syncer/explorer/handlers.go:128.2,128.17 1 0
github.com/Ethernal-Tech/ucl-block-explorer-syncer/explorer/handlers.go:132.86,133.23 1 0
github.com/Ethernal-Tech/ucl-block-explorer-syncer/explorer/handlers.go:133.23,138.3 1 0
github.com/Ethernal-Tech/ucl-block-explorer-syncer/explorer/handlers.go:140.2,145.16 3 0
github.com/Ethernal-Tech/ucl-block-explorer-syncer/explorer/handlers.go:145.16,149.3 2 0
github.com/Ethernal-Tech/ucl-block-explorer-syncer/explorer/handlers.go:151.2,151.28 1 0
github.com/Ethernal-Tech/ucl-block-explorer-syncer/explorer/handlers.go:151.28,156.3 1 0
github.com/Ethernal-Tech/ucl-block-explorer-syncer/explorer/handlers.go:158.2,158.22 1 0
github.com/Ethernal-Tech/ucl-block-explorer-syncer/explorer/handlers.go:162.101,163.16 1 0
github.com/Ethernal-Tech/ucl-block-explorer-syncer/explorer/handlers.go:163.16,168.3 1 0
github.com/Ethernal-Tech/ucl-block-explorer-syncer/explorer/handlers.go:170.2,171.16 2 0
github.com/Ethernal-Tech/ucl-block-explorer-syncer/explorer/handlers.go:171.16,175.3 2 0
github.com/Ethernal-Tech/ucl-block-explorer-syncer/explorer/handlers.go:177.2,177.22 1 0
github.com/Ethernal-Tech/ucl-block-explorer-syncer/explorer/handlers.go:185.9,186.16 1 0
github.com/Ethernal-Tech/ucl-block-explorer-syncer/explorer/handlers.go:186.16,191.3 1 0
github.com/Ethernal-Tech/ucl-block-explorer-syncer/explorer/handlers.go:193.2,194.16 2 0
github.com/Ethernal-Tech/ucl-block-explorer-syncer/explorer/handlers.go:194.16,198.3 2 0
github.com/Ethernal-Tech/ucl-block-explorer-syncer/explorer/handlers.go:200.2,200.22 1 0
github.com/Ethernal-Tech/ucl-block-explorer-syncer/explorer/handlers.go:204.109,205.16 1 0
github.com/Ethernal-Tech/ucl-block-explorer-syncer/explorer/handlers.go:205.16,210.3 1 0
github.com/Ethernal-Tech/ucl-block-explorer-syncer/explorer/handlers.go:212.2,213.16 2 0
github.com/Ethernal-Tech/ucl-block-explorer-syncer/explorer/handlers.go:213.16,217.3 2 0
github.com/Ethernal-Tech/ucl-block-explorer-syncer/explorer/handlers.go:219.2,219.22 1 0
github.com/Ethernal-Tech/ucl-block-explorer-syncer/explorer/handlers.go:223.113,224.16 1 0
github.com/Ethernal-Tech/ucl-block-explorer-syncer/explorer/handlers.go:224.16,229.3 1 0
github.com/Ethernal-Tech/ucl-block-explorer-syncer/explorer/handlers.go:231.2,232.16 2 0
github.com/Ethernal-Tech/ucl-block-explorer-syncer/explorer/handlers.go:232.16,236.3 2 0
github.com/Ethernal-Tech/ucl-block-explorer-syncer/explorer/handlers.go:238.2,238.22 1 0
github.com/Ethernal-Tech/ucl-block-explorer-syncer/explorer/handlers.go:242.61,244.16 2 0
github.com/Ethernal-Tech/ucl-block-explorer-syncer/explorer/handlers.go:244.16,248.3 2 0
github.com/Ethernal-Tech/ucl-block-explorer-syncer/explorer/handlers.go:250.2,250.22 1 0
github.com/Ethernal-Tech/ucl-block-explorer-syncer/explorer/handlers.go:254.111,255.16 1 0
github.com/Ethernal-Tech/ucl-block-explorer-syncer/explorer/handlers.go:255.16,260.3 1 0
github.com/Ethernal-Tech/ucl-block-explorer-syncer/explorer/handlers.go:262.2,263.16 2 0
github.com/Ethernal-Tech/ucl-block-explorer-syncer/explorer/handlers.go:263.16,267.3 2 0
github.com/Ethernal-Tech/ucl-block-explorer-syncer/explorer/handlers.go:269.2,269.22 1 0
github.com/Ethernal-Tech/ucl-block-explorer-syncer/explorer/handlers.go:273.64,275.16 2 0
github.com/Ethernal-Tech/ucl-block-explorer-syncer/explorer/handlers.go:275.16,279.3 2 0
github.com/Ethernal-Tech/ucl-block-explorer-syncer/explorer/handlers.go:281.2,281.22 1 0
github.com/Ethernal-Tech/ucl-block-explorer-syncer/explorer/handlers.go:284.59,286.16 2 0
github.com/Ethernal-Tech/ucl-block-explorer-syncer/explorer/handlers.go:286.16,290.3 2 0
github.com/Ethernal-Tech/ucl-block-explorer-syncer/explorer/handlers.go:292.2,292.22 1 0
github.com/Ethernal-Tech/ucl-block-explorer-syncer/eoa_activity_backend/eoa_activity_backend.go:18.64,20.2 1 0
github.com/Ethernal-Tech/ucl-block-explorer-syncer/eoa_activity_backend/eoa_activity_backend.go:22.73,28.35 3 0
github.com/Ethernal-Tech/ucl-block-explorer-syncer/eoa_activity_backend/eoa_activity_backend.go:28.35,30.3 1 0
github.com/Ethernal-Tech/ucl-block-explorer-syncer/eoa_activity_backend/eoa_activity_backend.go:32.2,32.16 1 0
github.com/Ethernal-Tech/ucl-block-explorer-syncer/eoa_activity_backend/eoa_activity_backend.go:32.16,34.3 1 0
github.com/Ethernal-Tech/ucl-block-explorer-syncer/eoa_activity_backend/eoa_activity_backend.go:36.2,37.16 2 0
github.com/Ethernal-Tech/ucl-block-explorer-syncer/eoa_activity_backend/eoa_activity_backend.go:37.16,39.3 1 0
github.com/Ethernal-Tech/ucl-block-explorer-syncer/eoa_activity_backend/eoa_activity_backend.go:41.2,41.20 1 0
github.com/Ethernal-Tech/ucl-block-explorer-syncer/eoa_activity_backend/eoa_activity_backend.go:44.105,50.35 3 0
github.com/Ethernal-Tech/ucl-block-explorer-syncer/eoa_activity_backend/eoa_activity_backend.go:50.35,52.3 1 0
github.com/Ethernal-Tech/ucl-block-explorer-syncer/eoa_activity_backend/eoa_activity_backend.go:54.2,54.16 1 0
github.com/Ethernal-Tech/ucl-block-explorer-syncer/eoa_activity_backend/eoa_activity_backend.go:54.16,56.3 1 0
github.com/Ethernal-Tech/ucl-block-explorer-syncer/eoa_activity_backend/eoa_activity_backend.go:58.2,59.16 2 0
github.com/Ethernal-Tech/ucl-block-explorer-syncer/eoa_activity_backend/eoa_activity_backend.go:59.16,61.3 1 0
github.com/Ethernal-Tech/ucl-block-explorer-syncer/eoa_activity_backend/eoa_activity_backend.go:63.2,63.30 1 0
github.com/Ethernal-Tech/ucl-block-explorer-syncer/eoa_activity_backend/eoa_activity_backend.go:63.30,65.3 1 0
github.com/Ethernal-Tech/ucl-block-explorer-syncer/eoa_activity_backend/eoa_activity_backend.go:67.2,72.16 2 0
github.com/Ethernal-Tech/ucl-block-explorer-syncer/eoa_activity_backend/eoa_activity_backend.go:72.16,74.3 1 0
github.com/Ethernal-Tech/ucl-block-explorer-syncer/eoa_activity_backend/eoa_activity_backend.go:76.2,80.18 3 0
github.com/Ethernal-Tech/ucl-block-explorer-syncer/eoa_activity_backend/eoa_activity_backend.go:80.18,83.51 2 0
github.com/Ethernal-Tech/ucl-block-explorer-syncer/eoa_activity_backend/eoa_activity_backend.go:83.51,85.4 1 0
github.com/Ethernal-Tech/ucl-block-explorer-syncer/eoa_activity_backend/eoa_activity_backend.go:87.3,87.41 1 0
github.com/Ethernal-Tech/ucl-block-explorer-syncer/eoa_activity_backend/eoa_activity_backend.go:90.2,90.26 1 0
github.com/Ethernal-Tech/ucl-block-explorer-syncer/eoa_activity_backend/eoa_activity_backend.go:93.86,94.25 1 0
github.com/Ethernal-Tech/ucl-block-explorer-syncer/eoa_activity_backend/eoa_activity_backend.go:94.25,96.3 1 0
github.com/Ethernal-Tech/ucl-block-explorer-syncer/eoa_activity_backend/eoa_activity_backend.go:98.2,102.16 2 0
github.com/Ethernal-Tech/ucl-block-explorer-syncer/eoa_activity_backend/eoa_activity_backend.go:102.16,104.3 1 0
github.com/Ethernal-Tech/ucl-block-explorer-syncer/eoa_activity_backend/eoa_activity_backend.go:106.2,110.18 3 0
github.com/Ethernal-Tech/ucl-block-explorer-syncer/eoa_activity_backend/eoa_activity_backend.go:110.18,112.42 2 0
github.com/Ethernal-Tech/ucl-block-explorer-syncer/eoa_activity_backend/eoa_activity_backend.go:112.42,114.4 1 0
github.com/Ethernal-Tech/ucl-block-explorer-syncer/eoa_activity_backend/eoa_activity_backend.go:116.3,116.30 1 0
github.com/Ethernal-Tech/ucl-block-explorer-syncer/eoa_activity_backend/eoa_activity_backend.go:119.2,119.19 1 0
github.com/Ethernal-Tech/ucl-block-explorer-syncer/eoa_activity_backend/eoa_activity_backend.go:122.93,128.16 3 0
github.com/Ethernal-Tech/ucl-block-explorer-syncer/eoa_activity_backend/eoa_activity_backend.go:128.16,130.3 1 0
github.com/Ethernal-Tech/ucl-block-explorer-syncer/eoa_activity_backend/eoa_activity_backend.go:132.2,135.16 3 0
github.com/Ethernal-Tech/ucl-block-explorer-syncer/eoa_activity_backend/eoa_activity_backend.go:135.16,137.3 1 0
github.com/Ethernal-Tech/ucl-block-explorer-syncer/eoa_activity_backend/eoa_activity_backend.go:139.2,141.33 2 0
github.com/Ethernal-Tech/ucl-block-explorer-syncer/eoa_activity_backend/eoa_activity_backend.go:141.33,147.17 2 0
github.com/Ethernal-Tech/ucl-block-explorer-syncer/eoa_activity_backend/eoa_activity_backend.go:147.17,149.4 1 0
github.com/Ethernal-Tech/ucl-block-explorer-syncer/eoa_activity_backend/eoa_activity_backend.go:152.2,156.16 2 0
github.com/Ethernal-Tech/ucl-block-explorer-syncer/eoa_activity_backend/eoa_activity_backend.go:156.16,158.3 1 0
github.com/Ethernal-Tech/ucl-block-explorer-syncer/eoa_activity_backend/eoa_activity_backend.go:160.2,160.20 1 0
github.com/Ethernal-Tech/ucl-block-explorer-syncer/erc20_backend/erc20_backend.go:19.52,21.2 1 0
github.com/Ethernal-Tech/ucl-block-explorer-syncer/erc20_backend/erc20_backend.go:23.70,28.16 2 0
github.com/Ethernal-Tech/ucl-block-explorer-syncer/erc20_backend/erc20_backend.go:28.16,30.3 1 0
github.com/Ethernal-Tech/ucl-block-explorer-syncer/erc20_backend/erc20_backend.go:32.2,36.18 3 0
github.com/Ethernal-Tech/ucl-block-explorer-syncer/erc20_backend/erc20_backend.go:36.18,46.17 2 0
github.com/Ethernal-Tech/ucl-block-explorer-syncer/erc20_backend/erc20_backend.go:46.17,48.4 1 0
github.com/Ethernal-Tech/ucl-block-explorer-syncer/erc20_backend/erc20_backend.go:50.3,50.29 1 0
github.com/Ethernal-Tech/ucl-block-explorer-syncer/erc20_backend/erc20_backend.go:53.2,53.20 1 0
github.com/Ethernal-Tech/ucl-block-explorer-syncer/erc20_backend/erc20_backend.go:56.51,62.35 3 0
github.com/Ethernal-Tech/ucl-block-explorer-syncer/erc20_backend/erc20_backend.go:62.35,64.3 1 0
github.com/Ethernal-Tech/ucl-block-explorer-syncer/erc20_backend/erc20_backend.go:66.2,66.16 1 0
github.com/Ethernal-Tech/ucl-block-explorer-syncer/erc20_backend/erc20_backend.go:66.16,68.3 1 0
github.com/Ethernal-Tech/ucl-block-explorer-syncer/erc20_backend/erc20_backend.go:70.2,71.16 2 0
github.com/Ethernal-Tech/ucl-block-explorer-syncer/erc20_backend/erc20_backend.go:71.16,73.3 1 0
github.com/Ethernal-Tech/ucl-block-explorer-syncer/erc20_backend/erc20_backend.go:75.2,75.17 1 0
github.com/Ethernal-Tech/ucl-block-explorer-syncer/erc20_backend/erc20_backend.go:78.72,89.26 3 0
github.com/Ethernal-Tech/ucl-block-explorer-syncer/erc20_backend/erc20_backend.go:89.26,91.3 1 0
github.com/Ethernal-Tech/ucl-block-explorer-syncer/erc20_backend/erc20_backend.go:93.2,93.16 1 0
github.com/Ethernal-Tech/ucl-block-explorer-syncer/erc20_backend/erc20_backend.go:93.16,95.3 1 0
github.com/Ethernal-Tech/ucl-block-explorer-syncer/erc20_backend/erc20_backend.go:97.2,97.19 1 0
github.com/Ethernal-Tech/ucl-block-explorer-syncer/erc20_backend/erc20_backend.go:100.114,108.16 2 0
github.com/Ethernal-Tech/ucl-block-explorer-syncer/erc20_backend/erc20_backend.go:108.16,110.3 1 0
github.com/Ethernal-Tech/ucl-block-explorer-syncer/erc20_backend/erc20_backend.go:112.2,116.18 3 0
github.com/Ethernal-Tech/ucl-block-explorer-syncer/erc20_backend/erc20_backend.go:116.18,128.17 3 0
github.com/Ethernal-Tech/ucl-block-explorer-syncer/erc20_backend/erc20_backend.go:128.17,130.4 1 0
github.com/Ethernal-Tech/ucl-block-explorer-syncer/erc20_backend/erc20_backend.go:132.3,133.25 2 0
github.com/Ethernal-Tech/ucl-block-explorer-syncer/erc20_backend/erc20_backend.go:136.2,136.18 1 0
github.com/Ethernal-Tech/ucl-block-explorer-syncer/erc20_backend/erc20_backend.go:145.9,147.16 2 0
github.com/Ethernal-Tech/ucl-block-explorer-syncer/erc20_backend/erc20_backend.go:147.16,149.3 1 0
github.com/Ethernal-Tech/ucl-block-explorer-syncer/erc20_backend/erc20_backend.go:151.2,198.16 3 0
github.com/Ethernal-Tech/ucl-block-explorer-syncer/erc20_backend/erc20_backend.go:198.16,200.3 1 0
github.com/Ethernal-Tech/ucl-block-explorer-syncer/erc20_backend/erc20_backend.go:202.2,207.16 2 0
github.com/Ethernal-Tech/ucl-block-explorer-syncer/erc20_backend/erc20_backend.go:207.16,209.3 1 0
github.com/Ethernal-Tech/ucl-block-explorer-syncer/erc20_backend/erc20_backend.go:211.2,211.20 1 0
github.com/Ethernal-Tech/ucl-block-explorer-syncer/main.go:5.13,7.2 1 0
github.com/Ethernal-Tech/ucl-block-explorer-syncer/cli/api.go:47.13,65.2 9 0
github.com/Ethernal-Tech/ucl-block-explorer-syncer/cli/api.go:67.54,69.16 2 0
github.com/Ethernal-Tech/ucl-block-explorer-syncer/cli/api.go:69.16,71.3 1 0
github.com/Ethernal-Tech/ucl-block-explorer-syncer/cli/api.go:73.2,75.34 2 0
github.com/Ethernal-Tech/ucl-block-explorer-syncer/cli/api.go:75.34,77.3 1 0
github.com/Ethernal-Tech/ucl-block-explorer-syncer/cli/api.go:79.2,82.16 3 0
github.com/Ethernal-Tech/ucl-block-explorer-syncer/cli/api.go:82.16,83.45 1 0
github.com/Ethernal-Tech/ucl-block-explorer-syncer/cli/api.go:83.45,85.4 1 0
github.com/Ethernal-Tech/ucl-block-explorer-syncer/cli/api.go:88.2,89.29 2 0
github.com/Ethernal-Tech/ucl-block-explorer-syncer/cli/api.go:89.29,91.3 1 0
github.com/Ethernal-Tech/ucl-block-explorer-syncer/cli/api.go:93.2,104.54 3 0
github.com/Ethernal-Tech/ucl-block-explorer-syncer/cli/config_gen.go:23.13,31.2 4 0
github.com/Ethernal-Tech/ucl-block-explorer-syncer/cli/config_gen.go:33.60,47.41 3 0
github.com/Ethernal-Tech/ucl-block-explorer-syncer/cli/config_gen.go:47.41,49.3 1 0
github.com/Ethernal-Tech/ucl-block-explorer-syncer/cli/config_gen.go:51.2,53.12 2 0
github.com/Ethernal-Tech/ucl-block-explorer-syncer/cli/root.go:15.13,17.2 1 0
github.com/Ethernal-Tech/ucl-block-explorer-syncer/cli/root.go:20.16,24.42 3 0
github.com/Ethernal-Tech/ucl-block-explorer-syncer/cli/root.go:24.42,26.3 1 0
github.com/Ethernal-Tech/ucl-block-explorer-syncer/cli/syncer.go:52.25,60.2 4 0
github.com/Ethernal-Tech/ucl-block-explorer-syncer/cli/syncer.go:62.25,125.2 18 0
github.com/Ethernal-Tech/ucl-block-explorer-syncer/cli/syncer.go:127.55,129.16 2 0
github.com/Ethernal-Tech/ucl-block-explorer-syncer/cli/syncer.go:129.16,131.3 1 0
github.com/Ethernal-Tech/ucl-block-explorer-syncer/cli/syncer.go:133.2,134.16 2 0
github.com/Ethernal-Tech/ucl-block-explorer-syncer/cli/syncer.go:134.16,136.3 1 0
github.com/Ethernal-Tech/ucl-block-explorer-syncer/cli/syncer.go:138.2,138.34 1 0
github.com/Ethernal-Tech/ucl-block-explorer-syncer/cli/syncer.go:138.34,140.3 1 0
github.com/Ethernal-Tech/ucl-block-explorer-syncer/cli/syncer.go:142.2,143.16 2 0
github.com/Ethernal-Tech/ucl-block-explorer-syncer/cli/syncer.go:143.16,145.3 1 0
github.com/Ethernal-Tech/ucl-block-explorer-syncer/cli/syncer.go:147.2,148.16 2 0
github.com/Ethernal-Tech/ucl-block-explorer-syncer/cli/syncer.go:148.16,150.3 1 0
github.com/Ethernal-Tech/ucl-block-explorer-syncer/cli/syncer.go:152.2,152.25 1 0
github.com/Ethernal-Tech/ucl-block-explorer-syncer/cli/syncer.go:152.25,154.3 1 0
github.com/Ethernal-Tech/ucl-block-explorer-syncer/cli/syncer.go:154.8,156.3 1 0
github.com/Ethernal-Tech/ucl-block-explorer-syncer/cli/syncer.go:158.2,159.16 2 0
github.com/Ethernal-Tech/ucl-block-explorer-syncer/cli/syncer.go:159.16,161.3 1 0
github.com/Ethernal-Tech/ucl-block-explorer-syncer/cli/syncer.go:163.2,163.26 1 0
github.com/Ethernal-Tech/ucl-block-explorer-syncer/cli/syncer.go:163.26,165.3 1 0
github.com/Ethernal-Tech/ucl-block-explorer-syncer/cli/syncer.go:165.8,167.3 1 0
github.com/Ethernal-Tech/ucl-block-explorer-syncer/cli/syncer.go:169.2,179.13 2 0
github.com/Ethernal-Tech/ucl-block-explorer-syncer/cli/syncer.go:179.13,181.3 1 0
github.com/Ethernal-Tech/ucl-block-explorer-syncer/cli/syncer.go:183.2,183.13 1 0
github.com/Ethernal-Tech/ucl-block-explorer-syncer/cli/syncer.go:183.13,185.3 1 0
github.com/Ethernal-Tech/ucl-block-explorer-syncer/cli/syncer.go:187.2,187.16 1 0
github.com/Ethernal-Tech/ucl-block-explorer-syncer/cli/syncer.go:187.16,189.3 1 0
github.com/Ethernal-Tech/ucl-block-explorer-syncer/cli/syncer.go:191.2,191.15 1 0
github.com/Ethernal-Tech/ucl-block-explorer-syncer/cli/syncer.go:191.15,193.3 1 0
github.com/Ethernal-Tech/ucl-block-explorer-syncer/cli/syncer.go:195.2,195.16 1 0
github.com/Ethernal-Tech/ucl-block-explorer-syncer/cli/syncer.go:195.16,202.24 3 0
github.com/Ethernal-Tech/ucl-block-explorer-syncer/cli/syncer.go:202.24,204.4 1 0
github.com/Ethernal-Tech/ucl-block-explorer-syncer/cli/syncer.go:207.2,207.22 1 0
github.com/Ethernal-Tech/ucl-block-explorer-syncer/cli/syncer.go:207.22,211.17 3 0
github.com/Ethernal-Tech/ucl-block-explorer-syncer/cli/syncer.go:211.17,213.4 1 0
github.com/Ethernal-Tech/ucl-block-explorer-syncer/cli/syncer.go:215.3,215.19 1 0
github.com/Ethernal-Tech/ucl-block-explorer-syncer/cli/syncer.go:215.19,217.4 1 0
github.com/Ethernal-Tech/ucl-block-explorer-syncer/cli/syncer.go:219.3,220.70 1 0
github.com/Ethernal-Tech/ucl-block-explorer-syncer/cli/syncer.go:223.2,223.25 1 0
github.com/Ethernal-Tech/ucl-block-explorer-syncer/cli/syncer.go:223.25,225.72 2 0
github.com/Ethernal-Tech/ucl-block-explorer-syncer/cli/syncer.go:225.72,227.4 1 0
github.com/Ethernal-Tech/ucl-block-explorer-syncer/cli/syncer.go:227.9,229.4 1 0
github.com/Ethernal-Tech/ucl-block-explorer-syncer/cli/syncer.go:231.3,234.70 2 0
github.com/Ethernal-Tech/ucl-block-explorer-syncer/cli/syncer.go:237.2,237.67 1 0
github.com/Ethernal-Tech/ucl-block-explorer-syncer/cli/syncer.go:237.67,238.37 1 0
github.com/Ethernal-Tech/ucl-block-explorer-syncer/cli/syncer.go:238.37,240.4 1 0
github.com/Ethernal-Tech/ucl-block-explorer-syncer/cli/syncer.go:241.8,243.3 1 0
github.com/Ethernal-Tech/ucl-block-explorer-syncer/cli/syncer.go:245.2,245.12 1 0
github.com/Ethernal-Tech/ucl-block-explorer-syncer/httpserver/publicapi/api.gen.go:201.94,209.16 4 0
github.com/Ethernal-Tech/ucl-block-explorer-syncer/httpserver/publicapi/api.gen.go:209.16,212.3 2 0
github.com/Ethernal-Tech/ucl-block-explorer-syncer/httpserver/publicapi/api.gen.go:215.2,220.16 3 0
github.com/Ethernal-Tech/ucl-block-explorer-syncer/httpserver/publicapi/api.gen.go:220.16,223.3 2 0
github.com/Ethernal-Tech/ucl-block-explorer-syncer/httpserver/publicapi/api.gen.go:225.2,225.88 1 0
github.com/Ethernal-Tech/ucl-block-explorer-syncer/httpserver/publicapi/api.gen.go:225.88,227.3 1 0
github.com/Ethernal-Tech/ucl-block-explorer-syncer/httpserver/publicapi/api.gen.go:229.2,229.52 1 0
github.com/Ethernal-Tech/ucl-block-explorer-syncer/httpserver/publicapi/api.gen.go:229.52,231.3 1 0
github.com/Ethernal-Tech/ucl-block-explorer-syncer/httpserver/publicapi/api.gen.go:233.2,233.25 1 0
github.com/Ethernal-Tech/ucl-block-explorer-syncer/httpserver/publicapi/api.gen.go:237.86,247.16 4 0
github.com/Ethernal-Tech/ucl-block-explorer-syncer/httpserver/publicapi/api.gen.go:247.16,250.3 2 0
github.com/Ethernal-Tech/ucl-block-explorer-syncer/httpserver/publicapi/api.gen.go:254.2,255.16 2 0
github.com/Ethernal-Tech/ucl-block-explorer-syncer/httpserver/publicapi/api.gen.go:255.16,258.3 2 0
github.com/Ethernal-Tech/ucl-block-explorer-syncer/httpserver/publicapi/api.gen.go:262.2,263.16 2 0
github.com/Ethernal-Tech/ucl-block-explorer-syncer/httpserver/publicapi/api.gen.go:263.16,266.3 2 0
github.com/Ethernal-Tech/ucl-block-explorer-syncer/httpserver/publicapi/api.gen.go:270.2,271.16 2 0
github.com/Ethernal-Tech/ucl-block-explorer-syncer/httpserver/publicapi/api.gen.go:271.16,274.3 2 0
github.com/Ethernal-Tech/ucl-block-explorer-syncer/httpserver/publicapi/api.gen.go:276.2,276.88 1 0
github.com/Ethernal-Tech/ucl-block-explorer-syncer/httpserver/publicapi/api.gen.go:276.88,278.3 1 0
github.com/Ethernal-Tech/ucl-block-explorer-syncer/httpserver/publicapi/api.gen.go:280.2,280.52 1 0
github.com/Ethernal-Tech/ucl-block-explorer-syncer/httpserver/publicapi/api.gen.go:280.52,282.3 1 0
github.com/Ethernal-Tech/ucl-block-explorer-syncer/httpserver/publicapi/api.gen.go:284.2,284.25 1 0
github.com/Ethernal-Tech/ucl-block-explorer-syncer/httpserver/publicapi/api.gen.go:288.94,296.16 4 0
github.com/Ethernal-Tech/ucl-block-explorer-syncer/httpserver/publicapi/api.gen.go:296.16,299.3 2 0
github.com/Ethernal-Tech/ucl-block-explorer-syncer/httpserver/publicapi/api.gen.go:302.2,307.16 3 0
github.com/Ethernal-Tech/ucl-block-explorer-syncer/httpserver/publicapi/api.gen.go:307.16,310.3 2 0
github.com/Ethernal-Tech/ucl-block-explorer-syncer/httpserver/publicapi/api.gen.go:314.2,315.16 2 0
github.com/Ethernal-Tech/ucl-block-explorer-syncer/httpserver/publicapi/api.gen.go:315.16,318.3 2 0
github.com/Ethernal-Tech/ucl-block-explorer-syncer/httpserver/publicapi/api.gen.go:322.2,323.16 2 0
github.com/Ethernal-Tech/ucl-block-explorer-syncer/httpserver/publicapi/api.gen.go:323.16,326.3 2 0
github.com/Ethernal-Tech/ucl-block-explorer-syncer/httpserver/publicapi/api.gen.go:330.2,331.16 2 0
github.com/Ethernal-Tech/ucl-block-explorer-syncer/httpserver/publicapi/api.gen.go:331.16,334.3 2 0
github.com/Ethernal-Tech/ucl-block-explorer-syncer/httpserver/publicapi/api.gen.go:338.2,339.16 2 0
github.com/Ethernal-Tech/ucl-block-explorer-syncer/httpserver/publicapi/api.gen.go:339.16,342.3 2 0
github.com/Ethernal-Tech/ucl-block-explorer-syncer/httpserver/publicapi/api.gen.go:344.2,344.88 1 0
github.com/Ethernal-Tech/ucl-block-explorer-syncer/httpserver/publicapi/api.gen.go:344.88,346.3 1 0
github.com/Ethernal-Tech/ucl-block-explorer-syncer/httpserver/publicapi/api.gen.go:348.2,348.52 1 0
github.com/Ethernal-Tech/ucl-block-explorer-syncer/httpserver/publicapi/api.gen.go:348.52,350.3 1 0
github.com/Ethernal-Tech/ucl-block-explorer-syncer/httpserver/publicapi/api.gen.go:352.2,352.25 1 0
github.com/Ethernal-Tech/ucl-block-explorer-syncer/httpserver/publicapi/api.gen.go:356.97,364.16 4 0
github.com/Ethernal-Tech/ucl-block-explorer-syncer/httpserver/publicapi/api.gen.go:364.16,367.3 2 0
github.com/Ethernal-Tech/ucl-block-explorer-syncer/httpserver/publicapi/api.gen.go:369.2,369.88 1 0
github.com/Ethernal-Tech/ucl-block-explorer-syncer/httpserver/publicapi/api.gen.go:369.88,371.3 1 0
github.com/Ethernal-Tech/ucl-block-explorer-syncer/httpserver/publicapi/api.gen.go:373.2,373.52 1 0
github.com/Ethernal-Tech/ucl-block-explorer-syncer/httpserver/publicapi/api.gen.go:373.52,375.3 1 0
github.com/Ethernal-Tech/ucl-block-explorer-syncer/httpserver/publicapi/api.gen.go:377.2,377.25 1 0
github.com/Ethernal-Tech/ucl-block-explorer-syncer/httpserver/publicapi/api.gen.go:385.52,387.2 1 0
github.com/Ethernal-Tech/ucl-block-explorer-syncer/httpserver/publicapi/api.gen.go:389.52,391.2 1 0
github.com/Ethernal-Tech/ucl-block-explorer-syncer/httpserver/publicapi/api.gen.go:398.49,400.2 1 0
github.com/Ethernal-Tech/ucl-block-explorer-syncer/httpserver/publicapi/api.gen.go:402.49,404.2 1 0
github.com/Ethernal-Tech/ucl-block-explorer-syncer/httpserver/publicapi/api.gen.go:410.45,412.2 1 0
github.com/Ethernal-Tech/ucl-block-explorer-syncer/httpserver/publicapi/api.gen.go:419.46,421.2 1 0
github.com/Ethernal-Tech/ucl-block-explorer-syncer/httpserver/publicapi/api.gen.go:423.46,425.2 1 0
github.com/Ethernal-Tech/ucl-block-explorer-syncer/httpserver/publicapi/api.gen.go:432.50,434.2 1 0
github.com/Ethernal-Tech/ucl-block-explorer-syncer/httpserver/publicapi/api.gen.go:436.50,438.2 1 0
github.com/Ethernal-Tech/ucl-block-explorer-syncer/httpserver/publicapi/api.gen.go:445.53,447.2 1 0
github.com/Ethernal-Tech/ucl-block-explorer-syncer/httpserver/publicapi/api.gen.go:450.47,452.2 1 0
github.com/Ethernal-Tech/ucl-block-explorer-syncer/httpserver/publicapi/api.gen.go:468.66,472.2 1 0
github.com/Ethernal-Tech/ucl-block-explorer-syncer/httpserver/publicapi/api.gen.go:474.93,479.2 1 0
github.com/Ethernal-Tech/ucl-block-explorer-syncer/httpserver/publicapi/api.gen.go:482.88,485.14 2 0
github.com/Ethernal-Tech/ucl-block-explorer-syncer/httpserver/publicapi/api.gen.go:485.14,487.3 1 0
github.com/Ethernal-Tech/ucl-block-explorer-syncer/httpserver/publicapi/api.gen.go:488.2,488.37 1 0
github.com/Ethernal-Tech/ucl-block-explorer-syncer/httpserver/publicapi/api.gen.go:488.37,489.86 1 0
github.com/Ethernal-Tech/ucl-block-explorer-syncer/httpserver/publicapi/api.gen.go:489.86,491.4 1 0
github.com/Ethernal-Tech/ucl-block-explorer-syncer/httpserver/publicapi/api.gen.go:494.2,505.10 6 0
github.com/Ethernal-Tech/ucl-block-explorer-syncer/jsonrpc/codec.go:30.92,31.16 1 0
github.com/Ethernal-Tech/ucl-block-explorer-syncer/jsonrpc/codec.go:31.16,37.24 2 0
github.com/Ethernal-Tech/ucl-block-explorer-syncer/jsonrpc/codec.go:37.24,39.4 1 0
github.com/Ethernal-Tech/ucl-block-explorer-syncer/jsonrpc/codec.go:41.3,41.13 1 0
github.com/Ethernal-Tech/ucl-block-explorer-syncer/jsonrpc/codec.go:44.2,54.23 3 0
github.com/Ethernal-Tech/ucl-block-explorer-syncer/jsonrpc/codec.go:54.23,56.3 1 0
github.com/Ethernal-Tech/ucl-block-explorer-syncer/jsonrpc/codec.go:58.2,58.12 1 0
github.com/Ethernal-Tech/ucl-block-explorer-syncer/jsonrpc/codec.go:61.64,69.2 2 0
github.com/Ethernal-Tech/ucl-block-explorer-syncer/jsonrpc/codec.go:72.55,73.19 1 0
github.com/Ethernal-Tech/ucl-block-explorer-syncer/jsonrpc/codec.go:73.19,75.3 1 0
github.com/Ethernal-Tech/ucl-block-explorer-syncer/jsonrpc/codec.go:77.2,77.12 1 0
github.com/Ethernal-Tech/ucl-block-explorer-syncer/jsonrpc/codec.go:81.50,83.49 2 0
github.com/Ethernal-Tech/ucl-block-explorer-syncer/jsonrpc/codec.go:83.49,85.3 1 0
github.com/Ethernal-Tech/ucl-block-explorer-syncer/jsonrpc/codec.go:87.2,87.27 1 0
github.com/Ethernal-Tech/ucl-block-explorer-syncer/jsonrpc/codec.go:87.27,89.3 1 0
github.com/Ethernal-Tech/ucl-block-explorer-syncer/jsonrpc/codec.go:91.2,91.23 1 0
github.com/Ethernal-Tech/ucl-block-explorer-syncer/jsonrpc/codec.go:95.39,99.2 2 0
github.com/Ethernal-Tech/ucl-block-explorer-syncer/jsonrpc/errors.go:13.46,13.62 1 0
github.com/Ethernal-Tech/ucl-block-explorer-syncer/jsonrpc/errors.go:14.46,14.63 1 0
github.com/Ethernal-Tech/ucl-block-explorer-syncer/jsonrpc/errors.go:15.46,15.86 1 0
github.com/Ethernal-Tech/ucl-block-explorer-syncer/jsonrpc/errors.go:19.47,19.63 1 0
github.com/Ethernal-Tech/ucl-block-explorer-syncer/jsonrpc/errors.go:20.47,20.64 1 0
github.com/Ethernal-Tech/ucl-block-explorer-syncer/jsonrpc/errors.go:21.47,21.88 1 0
github.com/Ethernal-Tech/ucl-block-explorer-syncer/jsonrpc/errors.go:25.47,25.63 1 0
github.com/Ethernal-Tech/ucl-block-explorer-syncer/jsonrpc/errors.go:26.47,26.64 1 0
github.com/Ethernal-Tech/ucl-block-explorer-syncer/jsonrpc/errors.go:27.47,27.88 1 0
github.com/Ethernal-Tech/ucl-block-explorer-syncer/jsonrpc/errors.go:31.41,31.57 1 0
github.com/Ethernal-Tech/ucl-block-explorer-syncer/jsonrpc/errors.go:32.41,32.58 1 0
github.com/Ethernal-Tech/ucl-block-explorer-syncer/jsonrpc/errors.go:33.41,33.76 1 0
github.com/Ethernal-Tech/ucl-block-explorer-syncer/jsonrpc/explorer.go:20.91,21.23 1 0
github.com/Ethernal-Tech/ucl-block-explorer-syncer/jsonrpc/explorer.go:21.23,23.3 1 0
github.com/Ethernal-Tech/ucl-block-explorer-syncer/jsonrpc/explorer.go:25.2,25.45 1 0
github.com/Ethernal-Tech/ucl-block-explorer-syncer/jsonrpc/explorer.go:25.45,27.3 1 0
github.com/Ethernal-Tech/ucl-block-explorer-syncer/jsonrpc/explorer.go:29.2,33.16 3 0
github.com/Ethernal-Tech/ucl-block-explorer-syncer/jsonrpc/explorer.go:34.31,37.42 3 0
github.com/Ethernal-Tech/ucl-block-explorer-syncer/jsonrpc/explorer.go:38.33,41.44 3 0
github.com/Ethernal-Tech/ucl-block-explorer-syncer/jsonrpc/explorer.go:42.30,45.41 3 0
github.com/Ethernal-Tech/ucl-block-explorer-syncer/jsonrpc/explorer.go:46.37,49.48 3 0
github.com/Ethernal-Tech/ucl-block-explorer-syncer/jsonrpc/explorer.go:50.39,52.18 2 0
github.com/Ethernal-Tech/ucl-block-explorer-syncer/jsonrpc/explorer.go:52.18,54.4 1 0
github.com/Ethernal-Tech/ucl-block-explorer-syncer/jsonrpc/explorer.go:56.3,56.51 1 0
github.com/Ethernal-Tech/ucl-block-explorer-syncer/jsonrpc/explorer.go:57.43,59.18 2 0
github.com/Ethernal-Tech/ucl-block-explorer-syncer/jsonrpc/explorer.go:59.18,61.4 1 0
github.com/Ethernal-Tech/ucl-block-explorer-syncer/jsonrpc/explorer.go:63.3,63.62 1 0
github.com/Ethernal-Tech/ucl-block-explorer-syncer/jsonrpc/explorer.go:64.37,67.48 3 0
github.com/Ethernal-Tech/ucl-block-explorer-syncer/jsonrpc/explorer.go:68.48,71.59 3 0
github.com/Ethernal-Tech/ucl-block-explorer-syncer/jsonrpc/explorer.go:72.36,73.44 1 0
github.com/Ethernal-Tech/ucl-block-explorer-syncer/jsonrpc/explorer.go:74.44,77.55 3 0
github.com/Ethernal-Tech/ucl-block-explorer-syncer/jsonrpc/explorer.go:78.48,81.59 3 0
github.com/Ethernal-Tech/ucl-block-explorer-syncer/jsonrpc/explorer.go:82.39,83.47 1 0
github.com/Ethernal-Tech/ucl-block-explorer-syncer/jsonrpc/explorer.go:84.42,87.53 3 0
github.com/Ethernal-Tech/ucl-block-explorer-syncer/jsonrpc/explorer.go:88.34,89.42 1 0
github.com/Ethernal-Tech/ucl-block-explorer-syncer/jsonrpc/explorer.go:90.10,91.45 1 0
github.com/Ethernal-Tech/ucl-block-explorer-syncer/jsonrpc/explorer.go:94.2,94.16 1 0
github.com/Ethernal-Tech/ucl-block-explorer-syncer/jsonrpc/explorer.go:94.16,96.3 1 0
github.com/Ethernal-Tech/ucl-block-explorer-syncer/jsonrpc/explorer.go:98.2,99.17 2 0
github.com/Ethernal-Tech/ucl-block-explorer-syncer/jsonrpc/explorer.go:99.17,101.3 1 0
github.com/Ethernal-Tech/ucl-block-explorer-syncer/jsonrpc/explorer.go:103.2,103.17 1 0
github.com/Ethernal-Tech/ucl-block-explorer-syncer/jsonrpc/explorer.go:107.66,108.53 1 0
github.com/Ethernal-Tech/ucl-block-explorer-syncer/jsonrpc/explorer.go:108.53,112.3 2 0
github.com/Ethernal-Tech/ucl-block-explorer-syncer/jsonrpc/explorer.go:114.2,116.58 2 0
github.com/Ethernal-Tech/ucl-block-explorer-syncer/jsonrpc/explorer.go:116.58,120.3 2 0
github.com/Ethernal-Tech/ucl-block-explorer-syncer/jsonrpc/explorer.go:122.2,124.38 2 0
github.com/Ethernal-Tech/ucl-block-explorer-syncer/jsonrpc/explorer.go:124.38,128.3 2 0
github.com/Ethernal-Tech/ucl-block-explorer-syncer/jsonrpc/explorer.go:130.2,130.10 1 0
github.com/Ethernal-Tech/ucl-block-explorer-syncer/jsonrpc/explorer.go:133.64,134.53 1 0
github.com/Ethernal-Tech/ucl-block-explorer-syncer/jsonrpc/explorer.go:134.53,136.3 1 0
github.com/Ethernal-Tech/ucl-block-explorer-syncer/jsonrpc/explorer.go:138.2,140.58 2 0
github.com/Ethernal-Tech/ucl-block-explorer-syncer/jsonrpc/explorer.go:140.58,142.3 1 0
github.com/Ethernal-Tech/ucl-block-explorer-syncer/jsonrpc/explorer.go:144.2,144.33 1 0
github.com/Ethernal-Tech/ucl-block-explorer-syncer/jsonrpc/explorer.go:147.63,148.53 1 0
github.com/Ethernal-Tech/ucl-block-explorer-syncer/jsonrpc/explorer.go:148.53,150.3 1 0
github.com/Ethernal-Tech/ucl-block-explorer-syncer/jsonrpc/explorer.go:152.2,154.53 2 0
github.com/Ethernal-Tech/ucl-block-explorer-syncer/jsonrpc/explorer.go:154.53,156.3 1 0
github.com/Ethernal-Tech/ucl-block-explorer-syncer/jsonrpc/explorer.go:158.2,158.19 1 0
github.com/Ethernal-Tech/ucl-block-explorer-syncer/jsonrpc/explorer.go:158.19,160.3 1 0
github.com/Ethernal-Tech/ucl-block-explorer-syncer/jsonrpc/explorer.go:162.2,163.9 2 0
github.com/Ethernal-Tech/ucl-block-explorer-syncer/jsonrpc/explorer.go:163.9,165.3 1 0
github.com/Ethernal-Tech/ucl-block-explorer-syncer/jsonrpc/explorer.go:167.2,167.15 1 0
github.com/Ethernal-Tech/ucl-block-explorer-syncer/jsonrpc/explorer.go:171.66,173.17 2 0
github.com/Ethernal-Tech/ucl-block-explorer-syncer/jsonrpc/explorer.go:173.17,175.3 1 0
github.com/Ethernal-Tech/ucl-block-explorer-syncer/jsonrpc/explorer.go:177.2,177.17 1 0
github.com/Ethernal-Tech/ucl-block-explorer-syncer/jsonrpc/explorer.go:177.17,180.50 2 0
github.com/Ethernal-Tech/ucl-block-explorer-syncer/jsonrpc/explorer.go:180.50,182.4 1 0
github.com/Ethernal-Tech/ucl-block-explorer-syncer/jsonrpc/explorer.go:184.3,186.28 2 0
github.com/Ethernal-Tech/ucl-block-explorer-syncer/jsonrpc/explorer.go:186.28,188.4 1 0
github.com/Ethernal-Tech/ucl-block-explorer-syncer/jsonrpc/explorer.go:190.3,190.31 1 0
github.com/Ethernal-Tech/ucl-block-explorer-syncer/jsonrpc/explorer.go:193.2,194.48 2 0
github.com/Ethernal-Tech/ucl-block-explorer-syncer/jsonrpc/explorer.go:194.48,196.3 1 0
github.com/Ethernal-Tech/ucl-block-explorer-syncer/jsonrpc/explorer.go:198.2,198.22 1 0
github.com/Ethernal-Tech/ucl-block-explorer-syncer/jsonrpc/explorer.go:198.22,200.19 2 0
github.com/Ethernal-Tech/ucl-block-explorer-syncer/jsonrpc/explorer.go:200.19,202.4 1 0
github.com/Ethernal-Tech/ucl-block-explorer-syncer/jsonrpc/explorer.go:204.3,204.93 1 0
github.com/Ethernal-Tech/ucl-block-explorer-syncer/jsonrpc/explorer.go:207.2,207.31 1 0
github.com/Ethernal-Tech/ucl-block-explorer-syncer/jsonrpc/explorer.go:210.56,212.18 2 0
github.com/Ethernal-Tech/ucl-block-explorer-syncer/jsonrpc/explorer.go:212.18,214.3 1 0
github.com/Ethernal-Tech/ucl-block-explorer-syncer/jsonrpc/explorer.go:216.2,217.19 2 0
github.com/Ethernal-Tech/ucl-block-explorer-syncer/jsonrpc/explorer.go:217.19,219.3 1 0
github.com/Ethernal-Tech/ucl-block-explorer-syncer/jsonrpc/explorer.go:221.2,221.44 1 0
github.com/Ethernal-Tech/ucl-block-explorer-syncer/jsonrpc/explorer.go:224.39,225.21 1 0
github.com/Ethernal-Tech/ucl-block-explorer-syncer/jsonrpc/explorer.go:225.21,227.3 1 0
github.com/Ethernal-Tech/ucl-block-explorer-syncer/jsonrpc/explorer.go:229.2,233.26 3 0
github.com/Ethernal-Tech/ucl-block-explorer-syncer/jsonrpc/explorer.go:233.26,234.12 1 0
github.com/Ethernal-Tech/ucl-block-explorer-syncer/jsonrpc/explorer.go:234.12,236.4 1 0
github.com/Ethernal-Tech/ucl-block-explorer-syncer/jsonrpc/explorer.go:238.3,238.22 1 0
github.com/Ethernal-Tech/ucl-block-explorer-syncer/jsonrpc/explorer.go:241.2,243.10 2 0
github.com/Ethernal-Tech/ucl-block-explorer-syncer/metrics/metrics.go:72.13,77.2 1 0
github.com/Ethernal-Tech/ucl-block-explorer-syncer/metrics/metrics.go:81.29,83.2 1 0
github.com/Ethernal-Tech/ucl-block-explorer-syncer/metrics/rpc.go:23.69,25.2 1 0
github.com/Ethernal-Tech/ucl-block-explorer-syncer/metrics/rpc.go:32.9,40.16 6 0
github.com/Ethernal-Tech/ucl-block-explorer-syncer/metrics/rpc.go:40.16,42.3 1 0
github.com/Ethernal-Tech/ucl-block-explorer-syncer/metrics/rpc.go:44.2,44.12 1 0
github.com/Ethernal-Tech/ucl-block-explorer-syncer/metrics/rpc.go:47.96,56.16 6 0
github.com/Ethernal-Tech/ucl-block-explorer-syncer/metrics/rpc.go:56.16,58.3 1 0
github.com/Ethernal-Tech/ucl-block-explorer-syncer/metrics/rpc.go:60.2,60.12 1 0
github.com/Ethernal-Tech/ucl-block-explorer-syncer/syncer/options.go:14.51,15.31 1 0
github.com/Ethernal-Tech/ucl-block-explorer-syncer/syncer/options.go:15.31,19.3 2 0
github.com/Ethernal-Tech/ucl-block-explorer-syncer/syncer/options.go:24.59,25.31 1 0
github.com/Ethernal-Tech/ucl-block-explorer-syncer/syncer/options.go:25.31,29.3 2 0
github.com/Ethernal-Tech/ucl-block-explorer-syncer/syncer/options.go:34.66,35.31 1 0
github.com/Ethernal-Tech/ucl-block-explorer-syncer/syncer/options.go:35.31,39.3 2 0
github.com/Ethernal-Tech/ucl-block-explorer-syncer/syncer/options.go:45.57,46.31 1 0
github.com/Ethernal-Tech/ucl-block-explorer-syncer/syncer/options.go:46.31,47.25 1 0
github.com/Ethernal-Tech/ucl-block-explorer-syncer/syncer/options.go:47.25,49.4 1 0
github.com/Ethernal-Tech/ucl-block-explorer-syncer/syncer/options.go:49.9,49.35 1 0
github.com/Ethernal-Tech/ucl-block-explorer-syncer/syncer/options.go:49.35,51.4 1 0
github.com/Ethernal-Tech/ucl-block-explorer-syncer/syncer/options.go:53.3,55.13 2 0
github.com/Ethernal-Tech/ucl-block-explorer-syncer/syncer/options.go:63.33,64.31 1 0
github.com/Ethernal-Tech/ucl-block-explorer-syncer/syncer/options.go:64.31,68.3 2 0
github.com/Ethernal-Tech/ucl-block-explorer-syncer/syncer/options.go:75.51,76.31 1 0
github.com/Ethernal-Tech/ucl-block-explorer-syncer/syncer/options.go:76.31,77.25 1 0
github.com/Ethernal-Tech/ucl-block-explorer-syncer/syncer/options.go:77.25,79.4 1 0
github.com/Ethernal-Tech/ucl-block-explorer-syncer/syncer/options.go:79.9,79.35 1 0
github.com/Ethernal-Tech/ucl-block-explorer-syncer/syncer/options.go:79.35,81.4 1 0
github.com/Ethernal-Tech/ucl-block-explorer-syncer/syncer/options.go:83.3,86.13 3 0
github.com/Ethernal-Tech/ucl-block-explorer-syncer/syncer/options.go:92.42,93.31 1 0
github.com/Ethernal-Tech/ucl-block-explorer-syncer/syncer/options.go:93.31,97.3 2 0
github.com/Ethernal-Tech/ucl-block-explorer-syncer/syncer/options.go:105.69,106.31 1 0
github.com/Ethernal-Tech/ucl-block-explorer-syncer/syncer/options.go:106.31,107.10 1 0
github.com/Ethernal-Tech/ucl-block-explorer-syncer/syncer/options.go:108.63,109.91 1 0
github.com/Ethernal-Tech/ucl-block-explorer-syncer/syncer/options.go:110.54,111.86 1 0
github.com/Ethernal-Tech/ucl-block-explorer-syncer/syncer/options.go:114.3,117.13 3 0
github.com/Ethernal-Tech/ucl-block-explorer-syncer/syncer/options.go:124.51,125.31 1 0
github.com/Ethernal-Tech/ucl-block-explorer-syncer/syncer/options.go:125.31,126.40 1 0
github.com/Ethernal-Tech/ucl-block-explorer-syncer/syncer/options.go:126.40,128.4 1 0
github.com/Ethernal-Tech/ucl-block-explorer-syncer/syncer/options.go:130.3,132.13 2 0
github.com/Ethernal-Tech/ucl-block-explorer-syncer/syncer/options.go:138.57,139.31 1 0
github.com/Ethernal-Tech/ucl-block-explorer-syncer/syncer/options.go:139.31,140.24 1 0
github.com/Ethernal-Tech/ucl-block-explorer-syncer/syncer/options.go:140.24,142.4 1 0
github.com/Ethernal-Tech/ucl-block-explorer-syncer/syncer/options.go:144.3,146.13 2 0
github.com/Ethernal-Tech/ucl-block-explorer-syncer/syncer/options.go:152.44,153.31 1 0
github.com/Ethernal-Tech/ucl-block-explorer-syncer/syncer/options.go:153.31,158.3 3 0
github.com/Ethernal-Tech/ucl-block-explorer-syncer/syncer/options.go:163.48,164.31 1 0
github.com/Ethernal-Tech/ucl-block-explorer-syncer/syncer/options.go:164.31,169.3 3 0
github.com/Ethernal-Tech/ucl-block-explorer-syncer/syncer/options.go:175.56,176.31 1 0
github.com/Ethernal-Tech/ucl-block-explorer-syncer/syncer/options.go:176.31,177.21 1 0
github.com/Ethernal-Tech/ucl-block-explorer-syncer/syncer/options.go:177.21,179.4 1 0
github.com/Ethernal-Tech/ucl-block-explorer-syncer/syncer/options.go:181.3,183.13 2 0
github.com/Ethernal-Tech/ucl-block-explorer-syncer/syncer/options.go:190.68,191.31 1 0
github.com/Ethernal-Tech/ucl-block-explorer-syncer/syncer/options.go:191.31,192.42 1 0
github.com/Ethernal-Tech/ucl-block-explorer-syncer/syncer/options.go:192.42,194.4 1 0
github.com/Ethernal-Tech/ucl-block-explorer-syncer/syncer/options.go:196.3,198.13 2 0
github.com/Ethernal-Tech/ucl-block-explorer-syncer/syncer/options.go:206.43,207.31 1 0
github.com/Ethernal-Tech/ucl-block-explorer-syncer/syncer/options.go:207.31,211.3 2 0
github.com/Ethernal-Tech/ucl-block-explorer-syncer/syncer/options.go:217.61,218.31 1 0
github.com/Ethernal-Tech/ucl-block-explorer-syncer/syncer/options.go:218.31,219.42 1 0
github.com/Ethernal-Tech/ucl-block-explorer-syncer/syncer/options.go:219.42,221.4 1 0
github.com/Ethernal-Tech/ucl-block-explorer-syncer/syncer/options.go:223.3,225.13 2 0
github.com/Ethernal-Tech/ucl-block-explorer-syncer/syncer/options.go:232.68,233.31 1 0
github.com/Ethernal-Tech/ucl-block-explorer-syncer/syncer/options.go:233.31,234.21 1 0
github.com/Ethernal-Tech/ucl-block-explorer-syncer/syncer/options.go:234.21,236.4 1 0
github.com/Ethernal-Tech/ucl-block-explorer-syncer/syncer/options.go:238.3,240.13 2 0
github.com/Ethernal-Tech/ucl-block-explorer-syncer/syncer/options.go:247.67,248.31 1 0
github.com/Ethernal-Tech/ucl-block-explorer-syncer/syncer/options.go:248.31,249.42 1 0
github.com/Ethernal-Tech/ucl-block-explorer-syncer/syncer/options.go:249.42,251.4 1 0
github.com/Ethernal-Tech/ucl-block-explorer-syncer/syncer/options.go:253.3,255.13 2 0
github.com/Ethernal-Tech/ucl-block-explorer-syncer/syncer/options.go:261.59,262.31 1 0
github.com/Ethernal-Tech/ucl-block-explorer-syncer/syncer/options.go:262.31,266.3 2 0
github.com/Ethernal-Tech/ucl-block-explorer-syncer/syncer/options.go:272.74,273.31 1 0
github.com/Ethernal-Tech/ucl-block-explorer-syncer/syncer/options.go:273.31,274.21 1 0
github.com/Ethernal-Tech/ucl-block-explorer-syncer/syncer/options.go:274.21,276.4 1 0
github.com/Ethernal-Tech/ucl-block-explorer-syncer/syncer/options.go:278.3,280.13 2 0
github.com/Ethernal-Tech/ucl-block-explorer-syncer/syncer/options.go:286.67,287.31 1 0
github.com/Ethernal-Tech/ucl-block-explorer-syncer/syncer/options.go:287.31,288.21 1 0
github.com/Ethernal-Tech/ucl-block-explorer-syncer/syncer/options.go:288.21,290.4 1 0
github.com/Ethernal-Tech/ucl-block-explorer-syncer/syncer/options.go:292.3,294.13 2 0
github.com/Ethernal-Tech/ucl-block-explorer-syncer/syncer/syncer.go:387.41,388.9 1 0
github.com/Ethernal-Tech/ucl-block-explorer-syncer/syncer/syncer.go:389.20,390.58 1 0
github.com/Ethernal-Tech/ucl-block-explorer-syncer/syncer/syncer.go:391.22,392.60 1 0
github.com/Ethernal-Tech/ucl-block-explorer-syncer/syncer/syncer.go:395.2,410.25 2 0
github.com/Ethernal-Tech/ucl-block-explorer-syncer/syncer/syncer.go:410.25,411.35 1 0
github.com/Ethernal-Tech/ucl-block-explorer-syncer/syncer/syncer.go:411.35,413.4 1 0
github.com/Ethernal-Tech/ucl-block-explorer-syncer/syncer/syncer.go:416.2,422.29 4 0
github.com/Ethernal-Tech/ucl-block-explorer-syncer/syncer/syncer.go:422.29,424.3 1 0
github.com/Ethernal-Tech/ucl-block-explorer-syncer/syncer/syncer.go:427.2,429.17 2 0
github.com/Ethernal-Tech/ucl-block-explorer-syncer/syncer/syncer.go:429.17,431.4 1 0
github.com/Ethernal-Tech/ucl-block-explorer-syncer/syncer/syncer.go:433.3,441.17 2 0
github.com/Ethernal-Tech/ucl-block-explorer-syncer/syncer/syncer.go:441.17,443.4 1 0
github.com/Ethernal-Tech/ucl-block-explorer-syncer/syncer/syncer.go:445.3,445.24 1 0
github.com/Ethernal-Tech/ucl-block-explorer-syncer/syncer/syncer.go:449.2,457.17 4 0
github.com/Ethernal-Tech/ucl-block-explorer-syncer/syncer/syncer.go:457.17,459.4 1 0
github.com/Ethernal-Tech/ucl-block-explorer-syncer/syncer/syncer.go:461.3,461.38 1 0
github.com/Ethernal-Tech/ucl-block-explorer-syncer/syncer/syncer.go:461.38,470.18 2 0
github.com/Ethernal-Tech/ucl-block-explorer-syncer/syncer/syncer.go:470.18,472.5 1 0
github.com/Ethernal-Tech/ucl-block-explorer-syncer/syncer/syncer.go:474.4,474.55 1 0
github.com/Ethernal-Tech/ucl-block-explorer-syncer/syncer/syncer.go:479.2,479.32 1 0
github.com/Ethernal-Tech/ucl-block-explorer-syncer/syncer/syncer.go:479.32,486.3 1 0
github.com/Ethernal-Tech/ucl-block-explorer-syncer/syncer/syncer.go:489.2,489.38 1 0
github.com/Ethernal-Tech/ucl-block-explorer-syncer/syncer/syncer.go:489.38,491.17 2 0
github.com/Ethernal-Tech/ucl-block-explorer-syncer/syncer/syncer.go:491.17,493.4 1 0
github.com/Ethernal-Tech/ucl-block-explorer-syncer/syncer/syncer.go:495.3,495.30 1 0
github.com/Ethernal-Tech/ucl-block-explorer-syncer/syncer/syncer.go:499.2,499.41 1 0
github.com/Ethernal-Tech/ucl-block-explorer-syncer/syncer/syncer.go:499.41,501.17 2 0
github.com/Ethernal-Tech/ucl-block-explorer-syncer/syncer/syncer.go:501.17,503.4 1 0
github.com/Ethernal-Tech/ucl-block-explorer-syncer/syncer/syncer.go:505.3,505.45 1 0
github.com/Ethernal-Tech/ucl-block-explorer-syncer/syncer/syncer.go:510.2,510.23 1 0
github.com/Ethernal-Tech/ucl-block-explorer-syncer/syncer/syncer.go:510.23,512.17 2 0
github.com/Ethernal-Tech/ucl-block-explorer-syncer/syncer/syncer.go:512.17,514.4 1 0
github.com/Ethernal-Tech/ucl-block-explorer-syncer/syncer/syncer.go:516.3,523.17 2 0
github.com/Ethernal-Tech/ucl-block-explorer-syncer/syncer/syncer.go:523.17,525.4 1 0
github.com/Ethernal-Tech/ucl-block-explorer-syncer/syncer/syncer.go:527.3,527.28 1 0
github.com/Ethernal-Tech/ucl-block-explorer-syncer/syncer/syncer.go:530.2,530.20 1 0
github.com/Ethernal-Tech/ucl-block-explorer-syncer/syncer/syncer.go:540.32,543.22 2 0
github.com/Ethernal-Tech/ucl-block-explorer-syncer/syncer/syncer.go:543.22,546.3 1 0
github.com/Ethernal-Tech/ucl-block-explorer-syncer/syncer/syncer.go:550.2,550.22 1 0
github.com/Ethernal-Tech/ucl-block-explorer-syncer/syncer/syncer.go:550.22,552.17 2 0
github.com/Ethernal-Tech/ucl-block-explorer-syncer/syncer/syncer.go:552.17,554.4 1 0
github.com/Ethernal-Tech/ucl-block-explorer-syncer/syncer/syncer.go:554.9,557.17 2 0
github.com/Ethernal-Tech/ucl-block-explorer-syncer/syncer/syncer.go:557.17,561.41 3 0
github.com/Ethernal-Tech/ucl-block-explorer-syncer/syncer/syncer.go:561.41,563.6 1 0
github.com/Ethernal-Tech/ucl-block-explorer-syncer/syncer/syncer.go:568.2,568.46 1 0
github.com/Ethernal-Tech/ucl-block-explorer-syncer/syncer/syncer.go:568.46,570.3 1 0
github.com/Ethernal-Tech/ucl-block-explorer-syncer/syncer/syncer.go:572.2,572.38 1 0
github.com/Ethernal-Tech/ucl-block-explorer-syncer/syncer/syncer.go:572.38,573.44 1 0
github.com/Ethernal-Tech/ucl-block-explorer-syncer/syncer/syncer.go:573.44,575.4 1 0
github.com/Ethernal-Tech/ucl-block-explorer-syncer/syncer/syncer.go:578.2,578.26 1 0
github.com/Ethernal-Tech/ucl-block-explorer-syncer/syncer/syncer.go:578.26,579.53 1 0
github.com/Ethernal-Tech/ucl-block-explorer-syncer/syncer/syncer.go:579.53,581.4 1 0
github.com/Ethernal-Tech/ucl-block-explorer-syncer/syncer/syncer.go:584.2,584.41 1 0
github.com/Ethernal-Tech/ucl-block-explorer-syncer/syncer/syncer.go:584.41,585.69 1 0
github.com/Ethernal-Tech/ucl-block-explorer-syncer/syncer/syncer.go:585.69,587.4 1 0
github.com/Ethernal-Tech/ucl-block-explorer-syncer/syncer/syncer.go:590.2,590.18 1 0
github.com/Ethernal-Tech/ucl-block-explorer-syncer/syncer/syncer.go:590.18,591.51 1 0
github.com/Ethernal-Tech/ucl-block-explorer-syncer/syncer/syncer.go:591.51,593.4 1 0
github.com/Ethernal-Tech/ucl-block-explorer-syncer/syncer/syncer.go:596.2,604.27 4 0
github.com/Ethernal-Tech/ucl-block-explorer-syncer/syncer/syncer.go:604.27,606.3 1 0
github.com/Ethernal-Tech/ucl-block-explorer-syncer/syncer/syncer.go:608.2,608.33 1 0
github.com/Ethernal-Tech/ucl-block-explorer-syncer/syncer/syncer.go:608.33,610.3 1 0
github.com/Ethernal-Tech/ucl-block-explorer-syncer/syncer/syncer.go:612.2,612.36 1 0
github.com/Ethernal-Tech/ucl-block-explorer-syncer/syncer/syncer.go:612.36,614.3 1 0
github.com/Ethernal-Tech/ucl-block-explorer-syncer/syncer/syncer.go:626.2,626.12 1 0
github.com/Ethernal-Tech/ucl-block-explorer-syncer/syncer/syncer.go:626.12,629.10 2 0
github.com/Ethernal-Tech/ucl-block-explorer-syncer/syncer/syncer.go:630.34,633.23 2 0
github.com/Ethernal-Tech/ucl-block-explorer-syncer/syncer/syncer.go:634.23,637.11 2 0
github.com/Ethernal-Tech/ucl-block-explorer-syncer/syncer/syncer.go:638.35,639.69 1 0
github.com/Ethernal-Tech/ucl-block-explorer-syncer/syncer/syncer.go:640.29,640.29 0 0
github.com/Ethernal-Tech/ucl-block-explorer-syncer/syncer/syncer.go:660.2,660.12 1 0
github.com/Ethernal-Tech/ucl-block-explorer-syncer/syncer/syncer.go:660.12,668.44 2 0
github.com/Ethernal-Tech/ucl-block-explorer-syncer/syncer/syncer.go:668.44,671.35 2 0
github.com/Ethernal-Tech/ucl-block-explorer-syncer/syncer/syncer.go:671.35,673.5 1 0
github.com/Ethernal-Tech/ucl-block-explorer-syncer/syncer/syncer.go:675.4,675.51 1 0
github.com/Ethernal-Tech/ucl-block-explorer-syncer/syncer/syncer.go:675.51,677.5 1 0
github.com/Ethernal-Tech/ucl-block-explorer-syncer/syncer/syncer.go:680.3,683.7 2 0
github.com/Ethernal-Tech/ucl-block-explorer-syncer/syncer/syncer.go:683.7,691.45 3 0
github.com/Ethernal-Tech/ucl-block-explorer-syncer/syncer/syncer.go:691.45,693.5 1 0
github.com/Ethernal-Tech/ucl-block-explorer-syncer/syncer/syncer.go:693.10,695.19 2 0
github.com/Ethernal-Tech/ucl-block-explorer-syncer/syncer/syncer.go:695.19,700.11 3 0
github.com/Ethernal-Tech/ucl-block-explorer-syncer/syncer/syncer.go:704.4,704.11 1 0
github.com/Ethernal-Tech/ucl-block-explorer-syncer/syncer/syncer.go:705.24,708.20 2 0
github.com/Ethernal-Tech/ucl-block-explorer-syncer/syncer/syncer.go:709.12,709.12 0 0
github.com/Ethernal-Tech/ucl-block-explorer-syncer/syncer/syncer.go:714.4,720.29 4 0
github.com/Ethernal-Tech/ucl-block-explorer-syncer/syncer/syncer.go:720.29,728.5 4 0
github.com/Ethernal-Tech/ucl-block-explorer-syncer/syncer/syncer.go:730.4,733.15 3 0
github.com/Ethernal-Tech/ucl-block-explorer-syncer/syncer/syncer.go:733.15,734.12 1 0
github.com/Ethernal-Tech/ucl-block-explorer-syncer/syncer/syncer.go:735.41,740.9 3 0
github.com/Ethernal-Tech/ucl-block-explorer-syncer/syncer/syncer.go:741.41,747.9 4 0
github.com/Ethernal-Tech/ucl-block-explorer-syncer/syncer/syncer.go:751.4,751.22 1 0
github.com/Ethernal-Tech/ucl-block-explorer-syncer/syncer/syncer.go:751.22,754.10 2 0
github.com/Ethernal-Tech/ucl-block-explorer-syncer/syncer/syncer.go:761.4,761.36 1 0
github.com/Ethernal-Tech/ucl-block-explorer-syncer/syncer/syncer.go:761.36,768.5 1 0
github.com/Ethernal-Tech/ucl-block-explorer-syncer/syncer/syncer.go:770.4,770.75 1 0
github.com/Ethernal-Tech/ucl-block-explorer-syncer/syncer/syncer.go:770.75,775.10 3 0
github.com/Ethernal-Tech/ucl-block-explorer-syncer/syncer/syncer.go:778.4,785.18 5 0
github.com/Ethernal-Tech/ucl-block-explorer-syncer/syncer/syncer.go:802.2,802.27 1 0
github.com/Ethernal-Tech/ucl-block-explorer-syncer/syncer/syncer.go:802.27,803.13 1 0
github.com/Ethernal-Tech/ucl-block-explorer-syncer/syncer/syncer.go:803.13,809.25 2 0
github.com/Ethernal-Tech/ucl-block-explorer-syncer/syncer/syncer.go:809.25,812.44 2 0
github.com/Ethernal-Tech/ucl-block-explorer-syncer/syncer/syncer.go:812.44,815.13 2 0
github.com/Ethernal-Tech/ucl-block-explorer-syncer/syncer/syncer.go:819.33,822.24 1 0
github.com/Ethernal-Tech/ucl-block-explorer-syncer/syncer/syncer.go:823.27,823.27 0 0
github.com/Ethernal-Tech/ucl-block-explorer-syncer/syncer/syncer.go:828.4,828.8 1 0
github.com/Ethernal-Tech/ucl-block-explorer-syncer/syncer/syncer.go:828.8,829.12 1 0
github.com/Ethernal-Tech/ucl-block-explorer-syncer/syncer/syncer.go:830.25,833.12 2 0
github.com/Ethernal-Tech/ucl-block-explorer-syncer/syncer/syncer.go:834.13,834.13 0 0
github.com/Ethernal-Tech/ucl-block-explorer-syncer/syncer/syncer.go:837.5,840.19 3 0
github.com/Ethernal-Tech/ucl-block-explorer-syncer/syncer/syncer.go:840.19,846.6 3 0
github.com/Ethernal-Tech/ucl-block-explorer-syncer/syncer/syncer.go:848.5,848.63 1 0
github.com/Ethernal-Tech/ucl-block-explorer-syncer/syncer/syncer.go:848.63,851.31 2 0
github.com/Ethernal-Tech/ucl-block-explorer-syncer/syncer/syncer.go:851.31,852.21 1 0
github.com/Ethernal-Tech/ucl-block-explorer-syncer/syncer/syncer.go:852.21,853.16 1 0
github.com/Ethernal-Tech/ucl-block-explorer-syncer/syncer/syncer.go:856.7,858.26 2 0
github.com/Ethernal-Tech/ucl-block-explorer-syncer/syncer/syncer.go:858.26,860.8 1 0
github.com/Ethernal-Tech/ucl-block-explorer-syncer/syncer/syncer.go:862.7,862.75 1 0
github.com/Ethernal-Tech/ucl-block-explorer-syncer/syncer/syncer.go:865.6,865.27 1 0
github.com/Ethernal-Tech/ucl-block-explorer-syncer/syncer/syncer.go:865.27,867.7 1 0
github.com/Ethernal-Tech/ucl-block-explorer-syncer/syncer/syncer.go:869.6,869.20 1 0
github.com/Ethernal-Tech/ucl-block-explorer-syncer/syncer/syncer.go:873.5,874.34 2 0
github.com/Ethernal-Tech/ucl-block-explorer-syncer/syncer/syncer.go:874.34,875.23 1 0
github.com/Ethernal-Tech/ucl-block-explorer-syncer/syncer/syncer.go:875.23,877.7 1 0
github.com/Ethernal-Tech/ucl-block-explorer-syncer/syncer/syncer.go:882.5,882.50 1 0
github.com/Ethernal-Tech/ucl-block-explorer-syncer/syncer/syncer.go:882.50,883.44 1 0
github.com/Ethernal-Tech/ucl-block-explorer-syncer/syncer/syncer.go:883.44,884.15 1 0
github.com/Ethernal-Tech/ucl-block-explorer-syncer/syncer/syncer.go:887.6,894.13 4 0
github.com/Ethernal-Tech/ucl-block-explorer-syncer/syncer/syncer.go:898.33,905.13 3 0
github.com/Ethernal-Tech/ucl-block-explorer-syncer/syncer/syncer.go:906.27,906.27 0 0
github.com/Ethernal-Tech/ucl-block-explorer-syncer/syncer/syncer.go:909.6,909.86 1 0
github.com/Ethernal-Tech/ucl-block-explorer-syncer/syncer/syncer.go:913.5,913.40 1 0
github.com/Ethernal-Tech/ucl-block-explorer-syncer/syncer/syncer.go:913.40,914.53 1 0
github.com/Ethernal-Tech/ucl-block-explorer-syncer/syncer/syncer.go:914.53,915.15 1 0
github.com/Ethernal-Tech/ucl-block-explorer-syncer/syncer/syncer.go:918.6,918.25 1 0
github.com/Ethernal-Tech/ucl-block-explorer-syncer/syncer/syncer.go:918.25,922.7 1 0
github.com/Ethernal-Tech/ucl-block-explorer-syncer/syncer/syncer.go:922.12,926.7 1 0
github.com/Ethernal-Tech/ucl-block-explorer-syncer/syncer/syncer.go:928.6,928.29 1 0
github.com/Ethernal-Tech/ucl-block-explorer-syncer/syncer/syncer.go:928.29,930.21 2 0
github.com/Ethernal-Tech/ucl-block-explorer-syncer/syncer/syncer.go:930.21,936.8 3 0
github.com/Ethernal-Tech/ucl-block-explorer-syncer/syncer/syncer.go:938.7,938.28 1 0
github.com/Ethernal-Tech/ucl-block-explorer-syncer/syncer/syncer.go:941.6,948.20 2 0
github.com/Ethernal-Tech/ucl-block-explorer-syncer/syncer/syncer.go:948.20,956.7 3 0
github.com/Ethernal-Tech/ucl-block-explorer-syncer/syncer/syncer.go:958.6,958.50 1 0
github.com/Ethernal-Tech/ucl-block-explorer-syncer/syncer/syncer.go:958.50,966.7 3 0
github.com/Ethernal-Tech/ucl-block-explorer-syncer/syncer/syncer.go:968.6,971.21 2 0
github.com/Ethernal-Tech/ucl-block-explorer-syncer/syncer/syncer.go:978.5,989.44 3 0
github.com/Ethernal-Tech/ucl-block-explorer-syncer/syncer/syncer.go:989.44,994.6 1 0
github.com/Ethernal-Tech/ucl-block-explorer-syncer/syncer/syncer.go:996.5,999.20 2 0
github.com/Ethernal-Tech/ucl-block-explorer-syncer/syncer/syncer.go:999.20,1000.14 1 0
github.com/Ethernal-Tech/ucl-block-explorer-syncer/syncer/syncer.go:1003.5,1016.11 5 0
github.com/Ethernal-Tech/ucl-block-explorer-syncer/syncer/syncer.go:1031.2,1031.33 1 0
github.com/Ethernal-Tech/ucl-block-explorer-syncer/syncer/syncer.go:1031.33,1032.13 1 0
github.com/Ethernal-Tech/ucl-block-explorer-syncer/syncer/syncer.go:1032.13,1035.11 2 0
github.com/Ethernal-Tech/ucl-block-explorer-syncer/syncer/syncer.go:1036.38,1039.24 2 0
github.com/Ethernal-Tech/ucl-block-explorer-syncer/syncer/syncer.go:1040.24,1043.12 2 0
github.com/Ethernal-Tech/ucl-block-explorer-syncer/syncer/syncer.go:1044.39,1045.81 1 0
github.com/Ethernal-Tech/ucl-block-explorer-syncer/syncer/syncer.go:1046.33,1046.33 0 0
github.com/Ethernal-Tech/ucl-block-explorer-syncer/syncer/syncer.go:1062.2,1062.36 1 0
github.com/Ethernal-Tech/ucl-block-explorer-syncer/syncer/syncer.go:1062.36,1063.13 1 0
github.com/Ethernal-Tech/ucl-block-explorer-syncer/syncer/syncer.go:1063.13,1066.11 2 0
github.com/Ethernal-Tech/ucl-block-explorer-syncer/syncer/syncer.go:1067.53,1070.24 2 0
github.com/Ethernal-Tech/ucl-block-explorer-syncer/syncer/syncer.go:1071.24,1074.12 2 0
github.com/Ethernal-Tech/ucl-block-explorer-syncer/syncer/syncer.go:1075.54,1076.84 1 0
github.com/Ethernal-Tech/ucl-block-explorer-syncer/syncer/syncer.go:1077.48,1077.48 0 0
github.com/Ethernal-Tech/ucl-block-explorer-syncer/syncer/syncer.go:1094.2,1094.18 1 0
github.com/Ethernal-Tech/ucl-block-explorer-syncer/syncer/syncer.go:1094.18,1095.13 1 0
github.com/Ethernal-Tech/ucl-block-explorer-syncer/syncer/syncer.go:1095.13,1098.11 2 0
github.com/Ethernal-Tech/ucl-block-explorer-syncer/syncer/syncer.go:1099.37,1102.24 2 0
github.com/Ethernal-Tech/ucl-block-explorer-syncer/syncer/syncer.go:1103.24,1106.12 2 0
github.com/Ethernal-Tech/ucl-block-explorer-syncer/syncer/syncer.go:1107.38,1110.25 2 0
github.com/Ethernal-Tech/ucl-block-explorer-syncer/syncer/syncer.go:1111.32,1111.32 0 0
github.com/Ethernal-Tech/ucl-block-explorer-syncer/syncer/syncer.go:1117.2,1117.22 1 0
github.com/Ethernal-Tech/ucl-block-explorer-syncer/syncer/syncer.go:1117.22,1123.3 3 0
github.com/Ethernal-Tech/ucl-block-explorer-syncer/syncer/syncer.go:1125.2,1127.12 2 0
github.com/Ethernal-Tech/ucl-block-explorer-syncer/syncer/syncer.go:1132.62,1133.23 1 0
github.com/Ethernal-Tech/ucl-block-explorer-syncer/syncer/syncer.go:1133.23,1135.3 1 0
github.com/Ethernal-Tech/ucl-block-explorer-syncer/syncer/syncer.go:1137.2,1139.86 2 0
github.com/Ethernal-Tech/ucl-block-explorer-syncer/syncer/syncer.go:1144.52,1154.12 4 0
github.com/Ethernal-Tech/ucl-block-explorer-syncer/syncer/syncer.go:1154.12,1157.77 2 0
github.com/Ethernal-Tech/ucl-block-explorer-syncer/syncer/syncer.go:1157.77,1159.4 1 0
github.com/Ethernal-Tech/ucl-block-explorer-syncer/syncer/syncer.go:1162.2,1162.12 1 0
github.com/Ethernal-Tech/ucl-block-explorer-syncer/syncer/syncer.go:1168.34,1177.15 4 0
github.com/Ethernal-Tech/ucl-block-explorer-syncer/syncer/syncer.go:1177.15,1178.24 1 0
github.com/Ethernal-Tech/ucl-block-explorer-syncer/syncer/syncer.go:1178.24,1180.4 1 0
github.com/Ethernal-Tech/ucl-block-explorer-syncer/syncer/syncer.go:1183.2,1183.19 1 0
github.com/Ethernal-Tech/ucl-block-explorer-syncer/syncer/syncer.go:1183.19,1194.24 8 0
github.com/Ethernal-Tech/ucl-block-explorer-syncer/syncer/syncer.go:1194.24,1196.18 2 0
github.com/Ethernal-Tech/ucl-block-explorer-syncer/syncer/syncer.go:1196.18,1200.5 2 0
github.com/Ethernal-Tech/ucl-block-explorer-syncer/syncer/syncer.go:1202.4,1202.23 1 0
github.com/Ethernal-Tech/ucl-block-explorer-syncer/syncer/syncer.go:1205.3,1212.21 5 0
github.com/Ethernal-Tech/ucl-block-explorer-syncer/syncer/syncer.go:1212.21,1216.4 2 0
github.com/Ethernal-Tech/ucl-block-explorer-syncer/syncer/syncer.go:1218.3,1222.14 4 0
github.com/Ethernal-Tech/ucl-block-explorer-syncer/syncer/syncer.go:1222.14,1224.4 1 0
github.com/Ethernal-Tech/ucl-block-explorer-syncer/syncer/syncer.go:1226.3,1226.46 1 0
github.com/Ethernal-Tech/ucl-block-explorer-syncer/syncer/syncer.go:1229.2,1231.6 2 0
github.com/Ethernal-Tech/ucl-block-explorer-syncer/syncer/syncer.go:1231.6,1232.10 1 0
github.com/Ethernal-Tech/ucl-block-explorer-syncer/syncer/syncer.go:1233.23,1234.10 1 0
github.com/Ethernal-Tech/ucl-block-explorer-syncer/syncer/syncer.go:1235.19,1236.12 1 0
github.com/Ethernal-Tech/ucl-block-explorer-syncer/syncer/syncer.go:1241.36,1242.19 1 0
github.com/Ethernal-Tech/ucl-block-explorer-syncer/syncer/syncer.go:1242.19,1244.3 1 0
github.com/Ethernal-Tech/ucl-block-explorer-syncer/syncer/syncer.go:1248.29,1251.38 2 0
github.com/Ethernal-Tech/ucl-block-explorer-syncer/syncer/syncer.go:1251.38,1253.3 1 0
github.com/Ethernal-Tech/ucl-block-explorer-syncer/syncer/syncer.go:1255.2,1255.25 1 0
github.com/Ethernal-Tech/ucl-block-explorer-syncer/syncer/syncer.go:1255.25,1257.3 1 0
github.com/Ethernal-Tech/ucl-block-explorer-syncer/syncer/syncer.go:1259.2,1259.20 1 0
github.com/Ethernal-Tech/ucl-block-explorer-syncer/syncer/syncer.go:1262.47,1263.21 1 0
github.com/Ethernal-Tech/ucl-block-explorer-syncer/syncer/syncer.go:1263.21,1267.3 1 0
github.com/Ethernal-Tech/ucl-block-explorer-syncer/syncer/syncer.go:1287.31,1288.51 1 0
github.com/Ethernal-Tech/ucl-block-explorer-syncer/syncer/syncer.go:1288.51,1289.54 1 0
github.com/Ethernal-Tech/ucl-block-explorer-syncer/syncer/syncer.go:1289.54,1291.4 1 0
github.com/Ethernal-Tech/ucl-block-explorer-syncer/syncer/syncer.go:1293.3,1295.13 2 0
github.com/Ethernal-Tech/ucl-block-explorer-syncer/syncer/syncer.go:1298.2,1304.21 2 0
github.com/Ethernal-Tech/ucl-block-explorer-syncer/syncer/syncer.go:1304.21,1306.3 1 0
github.com/Ethernal-Tech/ucl-block-explorer-syncer/syncer/syncer.go:1308.2,1308.15 1 0
github.com/Ethernal-Tech/ucl-block-explorer-syncer/syncer/syncer.go:1308.15,1310.3 1 0
github.com/Ethernal-Tech/ucl-block-explorer-syncer/syncer/syncer.go:1312.2,1312.15 1 0
github.com/Ethernal-Tech/ucl-block-explorer-syncer/syncer/syncer.go:1312.15,1314.3 1 0
github.com/Ethernal-Tech/ucl-block-explorer-syncer/syncer/syncer.go:1316.2,1327.16 2 0
github.com/Ethernal-Tech/ucl-block-explorer-syncer/syncer/syncer.go:1327.16,1329.3 1 0
github.com/Ethernal-Tech/ucl-block-explorer-syncer/syncer/syncer.go:1331.2,1339.8 1 0
github.com/Ethernal-Tech/ucl-block-explorer-syncer/syncer/syncer.go:1357.32,1358.70 1 0
github.com/Ethernal-Tech/ucl-block-explorer-syncer/syncer/syncer.go:1358.70,1359.75 1 0
github.com/Ethernal-Tech/ucl-block-explorer-syncer/syncer/syncer.go:1359.75,1361.4 1 0
github.com/Ethernal-Tech/ucl-block-explorer-syncer/syncer/syncer.go:1363.3,1363.13 1 0
github.com/Ethernal-Tech/ucl-block-explorer-syncer/syncer/syncer.go:1366.2,1371.21 2 0
github.com/Ethernal-Tech/ucl-block-explorer-syncer/syncer/syncer.go:1371.21,1373.3 1 0
github.com/Ethernal-Tech/ucl-block-explorer-syncer/syncer/syncer.go:1375.2,1383.16 2 0
github.com/Ethernal-Tech/ucl-block-explorer-syncer/syncer/syncer.go:1383.16,1385.3 1 0
github.com/Ethernal-Tech/ucl-block-explorer-syncer/syncer/syncer.go:1387.2,1394.8 1 0
github.com/Ethernal-Tech/ucl-block-explorer-syncer/syncer/syncer.go:1420.28,1421.55 1 0
github.com/Ethernal-Tech/ucl-block-explorer-syncer/syncer/syncer.go:1421.55,1424.3 1 0
github.com/Ethernal-Tech/ucl-block-explorer-syncer/syncer/syncer.go:1426.2,1426.42 1 0
github.com/Ethernal-Tech/ucl-block-explorer-syncer/syncer/syncer.go:1426.42,1427.16 1 0
github.com/Ethernal-Tech/ucl-block-explorer-syncer/syncer/syncer.go:1427.16,1429.4 1 0
github.com/Ethernal-Tech/ucl-block-explorer-syncer/syncer/syncer.go:1431.3,1431.52 1 0
github.com/Ethernal-Tech/ucl-block-explorer-syncer/syncer/syncer.go:1434.2,1440.21 2 0
github.com/Ethernal-Tech/ucl-block-explorer-syncer/syncer/syncer.go:1440.21,1442.3 1 0
github.com/Ethernal-Tech/ucl-block-explorer-syncer/syncer/syncer.go:1444.2,1456.16 2 0
github.com/Ethernal-Tech/ucl-block-explorer-syncer/syncer/syncer.go:1456.16,1458.3 1 0
github.com/Ethernal-Tech/ucl-block-explorer-syncer/syncer/syncer.go:1460.2,1468.8 1 0
github.com/Ethernal-Tech/ucl-block-explorer-syncer/syncer/syncer.go:1490.31,1502.60 1 0
github.com/Ethernal-Tech/ucl-block-explorer-syncer/syncer/syncer.go:1502.60,1504.17 2 0
github.com/Ethernal-Tech/ucl-block-explorer-syncer/syncer/syncer.go:1504.17,1506.4 1 0
github.com/Ethernal-Tech/ucl-block-explorer-syncer/syncer/syncer.go:1511.3,1511.15 1 0
github.com/Ethernal-Tech/ucl-block-explorer-syncer/syncer/syncer.go:1511.15,1513.4 1 0
github.com/Ethernal-Tech/ucl-block-explorer-syncer/syncer/syncer.go:1516.3,1516.21 1 0
github.com/Ethernal-Tech/ucl-block-explorer-syncer/syncer/syncer.go:1516.21,1518.4 1 0
github.com/Ethernal-Tech/ucl-block-explorer-syncer/syncer/syncer.go:1520.3,1521.17 2 0
github.com/Ethernal-Tech/ucl-block-explorer-syncer/syncer/syncer.go:1521.17,1523.4 1 0
github.com/Ethernal-Tech/ucl-block-explorer-syncer/syncer/syncer.go:1527.3,1530.17 3 0
github.com/Ethernal-Tech/ucl-block-explorer-syncer/syncer/syncer.go:1530.17,1532.4 1 0
github.com/Ethernal-Tech/ucl-block-explorer-syncer/syncer/syncer.go:1536.3,1540.20 2 0
github.com/Ethernal-Tech/ucl-block-explorer-syncer/syncer/syncer.go:1543.2,1543.76 1 0
github.com/Ethernal-Tech/ucl-block-explorer-syncer/syncer/syncer.go:1543.76,1544.22 1 0
github.com/Ethernal-Tech/ucl-block-explorer-syncer/syncer/syncer.go:1544.22,1547.4 1 0
github.com/Ethernal-Tech/ucl-block-explorer-syncer/syncer/syncer.go:1550.3,1550.24 1 0
github.com/Ethernal-Tech/ucl-block-explorer-syncer/syncer/syncer.go:1550.24,1552.4 1 0
github.com/Ethernal-Tech/ucl-block-explorer-syncer/syncer/syncer.go:1554.3,1566.28 3 0
github.com/Ethernal-Tech/ucl-block-explorer-syncer/syncer/syncer.go:1566.28,1568.11 2 0
github.com/Ethernal-Tech/ucl-block-explorer-syncer/syncer/syncer.go:1568.11,1571.13 2 0
github.com/Ethernal-Tech/ucl-block-explorer-syncer/syncer/syncer.go:1574.4,1574.56 1 0
github.com/Ethernal-Tech/ucl-block-explorer-syncer/syncer/syncer.go:1574.56,1575.13 1 0
github.com/Ethernal-Tech/ucl-block-explorer-syncer/syncer/syncer.go:1578.4,1581.45 3 0
github.com/Ethernal-Tech/ucl-block-explorer-syncer/syncer/syncer.go:1584.3,1591.12 2 0
github.com/Ethernal-Tech/ucl-block-explorer-syncer/syncer/syncer.go:1594.2,1601.21 2 0
github.com/Ethernal-Tech/ucl-block-explorer-syncer/syncer/syncer.go:1601.21,1603.3 1 0
github.com/Ethernal-Tech/ucl-block-explorer-syncer/syncer/syncer.go:1605.2,1614.16 2 0
github.com/Ethernal-Tech/ucl-block-explorer-syncer/syncer/syncer.go:1614.16,1616.3 1 0
github.com/Ethernal-Tech/ucl-block-explorer-syncer/syncer/syncer.go:1618.2,1624.8 1 0
github.com/Ethernal-Tech/ucl-block-explorer-syncer/syncer/syncer.go:1637.84,1646.16 5 0
github.com/Ethernal-Tech/ucl-block-explorer-syncer/syncer/syncer.go:1646.16,1648.3 1 0
github.com/Ethernal-Tech/ucl-block-explorer-syncer/syncer/syncer.go:1650.2,1652.80 2 0
github.com/Ethernal-Tech/ucl-block-explorer-syncer/syncer/syncer.go:1652.80,1656.17 3 0
github.com/Ethernal-Tech/ucl-block-explorer-syncer/syncer/syncer.go:1656.17,1658.4 1 0
github.com/Ethernal-Tech/ucl-block-explorer-syncer/syncer/syncer.go:1660.3,1660.26 1 0
github.com/Ethernal-Tech/ucl-block-explorer-syncer/syncer/syncer.go:1660.26,1662.4 1 0
github.com/Ethernal-Tech/ucl-block-explorer-syncer/syncer/syncer.go:1664.3,1667.44 3 0
github.com/Ethernal-Tech/ucl-block-explorer-syncer/syncer/syncer.go:1667.44,1670.29 2 0
github.com/Ethernal-Tech/ucl-block-explorer-syncer/syncer/syncer.go:1670.29,1672.5 1 0
github.com/Ethernal-Tech/ucl-block-explorer-syncer/syncer/syncer.go:1675.3,1676.17 2 0
github.com/Ethernal-Tech/ucl-block-explorer-syncer/syncer/syncer.go:1676.17,1678.4 1 0
github.com/Ethernal-Tech/ucl-block-explorer-syncer/syncer/syncer.go:1680.3,1682.34 2 0
github.com/Ethernal-Tech/ucl-block-explorer-syncer/syncer/syncer.go:1682.34,1684.4 1 0
github.com/Ethernal-Tech/ucl-block-explorer-syncer/syncer/syncer.go:1686.3,1686.36 1 0
github.com/Ethernal-Tech/ucl-block-explorer-syncer/syncer/syncer.go:1686.36,1687.35 1 0
github.com/Ethernal-Tech/ucl-block-explorer-syncer/syncer/syncer.go:1687.35,1690.13 2 0
github.com/Ethernal-Tech/ucl-block-explorer-syncer/syncer/syncer.go:1693.4,1699.27 2 0
github.com/Ethernal-Tech/ucl-block-explorer-syncer/syncer/syncer.go:1699.27,1701.5 1 0
github.com/Ethernal-Tech/ucl-block-explorer-syncer/syncer/syncer.go:1703.4,1703.22 1 0
github.com/Ethernal-Tech/ucl-block-explorer-syncer/syncer/syncer.go:1703.22,1705.5 1 0
github.com/Ethernal-Tech/ucl-block-explorer-syncer/syncer/syncer.go:1708.3,1708.92 1 0
github.com/Ethernal-Tech/ucl-block-explorer-syncer/syncer/syncer.go:1708.92,1710.4 1 0
github.com/Ethernal-Tech/ucl-block-explorer-syncer/syncer/syncer.go:1712.3,1716.27 3 0
github.com/Ethernal-Tech/ucl-block-explorer-syncer/syncer/syncer.go:1719.2,1725.21 2 0
github.com/Ethernal-Tech/ucl-block-explorer-syncer/syncer/syncer.go:1725.21,1727.3 1 0
github.com/Ethernal-Tech/ucl-block-explorer-syncer/syncer/syncer.go:1729.2,1736.16 2 0
github.com/Ethernal-Tech/ucl-block-explorer-syncer/syncer/syncer.go:1736.16,1738.3 1 0
github.com/Ethernal-Tech/ucl-block-explorer-syncer/syncer/syncer.go:1740.2,1745.8 1 0
github.com/Ethernal-Tech/ucl-block-explorer-syncer/syncer/syncer.go:1760.40,1768.80 4 0
github.com/Ethernal-Tech/ucl-block-explorer-syncer/syncer/syncer.go:1768.80,1770.3 1 0
github.com/Ethernal-Tech/ucl-block-explorer-syncer/syncer/syncer.go:1772.2,1778.21 2 0
github.com/Ethernal-Tech/ucl-block-explorer-syncer/syncer/syncer.go:1778.21,1780.3 1 0
github.com/Ethernal-Tech/ucl-block-explorer-syncer/syncer/syncer.go:1782.2,1789.16 2 0
github.com/Ethernal-Tech/ucl-block-explorer-syncer/syncer/syncer.go:1789.16,1791.3 1 0
github.com/Ethernal-Tech/ucl-block-explorer-syncer/syncer/syncer.go:1793.2,1798.8 1 0
github.com/Ethernal-Tech/ucl-block-explorer-syncer/syncer/syncer.go:1801.47,1806.9 3 0
github.com/Ethernal-Tech/ucl-block-explorer-syncer/syncer/syncer.go:1807.25,1807.25 0 0
github.com/Ethernal-Tech/ucl-block-explorer-syncer/syncer/syncer.go:1808.10,1808.10 0 0
github.com/Ethernal-Tech/ucl-block-explorer-syncer/syncer/syncer.go:1811.2,1811.14 1 0
github.com/Ethernal-Tech/ucl-block-explorer-syncer/syncer/syncer.go:1814.42,1817.21 2 0
github.com/Ethernal-Tech/ucl-block-explorer-syncer/syncer/syncer.go:1817.21,1821.10 2 0
github.com/Ethernal-Tech/ucl-block-explorer-syncer/syncer/syncer.go:1822.14,1823.11 1 0
github.com/Ethernal-Tech/ucl-block-explorer-syncer/syncer/syncer.go:1824.24,1825.15 1 0
github.com/Ethernal-Tech/ucl-block-explorer-syncer/syncer/syncer.go:1826.12,1826.12 0 0
github.com/Ethernal-Tech/ucl-block-explorer-syncer/syncer/syncer.go:1829.4,1829.14 1 0
github.com/Ethernal-Tech/ucl-block-explorer-syncer/syncer/syncer.go:1830.23,1831.14 1 0
github.com/Ethernal-Tech/ucl-block-explorer-syncer/syncer/syncer.go:1835.2,1840.14 4 0
github.com/Ethernal-Tech/ucl-block-explorer-syncer/syncer/types/types.go:79.50,87.51 3 0
github.com/Ethernal-Tech/ucl-block-explorer-syncer/syncer/types/types.go:87.51,89.3 1 0
github.com/Ethernal-Tech/ucl-block-explorer-syncer/syncer/types/types.go:91.2,94.44 3 0
github.com/Ethernal-Tech/ucl-block-explorer-syncer/syncer/types/types.go:94.44,101.68 5 0
github.com/Ethernal-Tech/ucl-block-explorer-syncer/syncer/types/types.go:101.68,104.12 2 0
github.com/Ethernal-Tech/ucl-block-explorer-syncer/syncer/types/types.go:107.3,108.54 2 0
github.com/Ethernal-Tech/ucl-block-explorer-syncer/syncer/types/types.go:108.54,110.4 1 0
github.com/Ethernal-Tech/ucl-block-explorer-syncer/syncer/types/types.go:112.3,114.46 2 0
github.com/Ethernal-Tech/ucl-block-explorer-syncer/syncer/types/types.go:117.2,117.12 1 0
github.com/Ethernal-Tech/ucl-block-explorer-syncer/syncer/txpool_worker/options.go:14.57,15.37 1 0
github.com/Ethernal-Tech/ucl-block-explorer-syncer/syncer/txpool_worker/options.go:15.37,19.3 2 0
github.com/Ethernal-Tech/ucl-block-explorer-syncer/syncer/txpool_worker/options.go:23.43,24.37 1 0
github.com/Ethernal-Tech/ucl-block-explorer-syncer/syncer/txpool_worker/options.go:24.37,28.3 2 0
github.com/Ethernal-Tech/ucl-block-explorer-syncer/syncer/txpool_worker/options.go:35.75,36.37 1 0
github.com/Ethernal-Tech/ucl-block-explorer-syncer/syncer/txpool_worker/options.go:36.37,37.10 1 0
github.com/Ethernal-Tech/ucl-block-explorer-syncer/syncer/txpool_worker/options.go:38.63,39.91 1 0
github.com/Ethernal-Tech/ucl-block-explorer-syncer/syncer/txpool_worker/options.go:40.54,41.86 1 0
github.com/Ethernal-Tech/ucl-block-explorer-syncer/syncer/txpool_worker/options.go:44.3,47.13 3 0
github.com/Ethernal-Tech/ucl-block-explorer-syncer/syncer/txpool_worker/options.go:54.63,55.37 1 0
github.com/Ethernal-Tech/ucl-block-explorer-syncer/syncer/txpool_worker/options.go:55.37,56.25 1 0
github.com/Ethernal-Tech/ucl-block-explorer-syncer/syncer/txpool_worker/options.go:56.25,58.4 1 0
github.com/Ethernal-Tech/ucl-block-explorer-syncer/syncer/txpool_worker/options.go:58.9,58.35 1 0
github.com/Ethernal-Tech/ucl-block-explorer-syncer/syncer/txpool_worker/options.go:58.35,60.4 1 0
github.com/Ethernal-Tech/ucl-block-explorer-syncer/syncer/txpool_worker/options.go:62.3,64.13 2 0
github.com/Ethernal-Tech/ucl-block-explorer-syncer/syncer/txpool_worker/txpool_worker.go:78.53,79.9 1 0
github.com/Ethernal-Tech/ucl-block-explorer-syncer/syncer/txpool_worker/txpool_worker.go:80.21,81.49 1 0
github.com/Ethernal-Tech/ucl-block-explorer-syncer/syncer/txpool_worker/txpool_worker.go:82.30,83.65 1 0
github.com/Ethernal-Tech/ucl-block-explorer-syncer/syncer/txpool_worker/txpool_worker.go:84.21,85.58 1 0
github.com/Ethernal-Tech/ucl-block-explorer-syncer/syncer/txpool_worker/txpool_worker.go:86.21,87.55 1 0
github.com/Ethernal-Tech/ucl-block-explorer-syncer/syncer/txpool_worker/txpool_worker.go:88.20,89.56 1 0
github.com/Ethernal-Tech/ucl-block-explorer-syncer/syncer/txpool_worker/txpool_worker.go:92.2,103.25 2 0
github.com/Ethernal-Tech/ucl-block-explorer-syncer/syncer/txpool_worker/txpool_worker.go:103.25,104.35 1 0
github.com/Ethernal-Tech/ucl-block-explorer-syncer/syncer/txpool_worker/txpool_worker.go:104.35,106.4 1 0
github.com/Ethernal-Tech/ucl-block-explorer-syncer/syncer/txpool_worker/txpool_worker.go:109.2,109.20 1 0
github.com/Ethernal-Tech/ucl-block-explorer-syncer/syncer/txpool_worker/txpool_worker.go:116.38,117.21 1 0
github.com/Ethernal-Tech/ucl-block-explorer-syncer/syncer/txpool_worker/txpool_worker.go:117.21,120.3 1 0
github.com/Ethernal-Tech/ucl-block-explorer-syncer/syncer/txpool_worker/txpool_worker.go:122.2,122.72 1 0
github.com/Ethernal-Tech/ucl-block-explorer-syncer/syncer/txpool_worker/txpool_worker.go:122.72,130.28 3 0
github.com/Ethernal-Tech/ucl-block-explorer-syncer/syncer/txpool_worker/txpool_worker.go:130.28,135.18 1 0
github.com/Ethernal-Tech/ucl-block-explorer-syncer/syncer/txpool_worker/txpool_worker.go:135.18,139.26 2 0
github.com/Ethernal-Tech/ucl-block-explorer-syncer/syncer/txpool_worker/txpool_worker.go:139.26,143.6 2 0
github.com/Ethernal-Tech/ucl-block-explorer-syncer/syncer/txpool_worker/txpool_worker.go:145.5,147.13 2 0
github.com/Ethernal-Tech/ucl-block-explorer-syncer/syncer/txpool_worker/txpool_worker.go:150.4,150.9 1 0
github.com/Ethernal-Tech/ucl-block-explorer-syncer/syncer/txpool_worker/txpool_worker.go:153.3,153.46 1 0
github.com/Ethernal-Tech/ucl-block-explorer-syncer/syncer/txpool_worker/txpool_worker.go:153.46,154.37 1 0
github.com/Ethernal-Tech/ucl-block-explorer-syncer/syncer/txpool_worker/txpool_worker.go:154.37,157.54 2 0
github.com/Ethernal-Tech/ucl-block-explorer-syncer/syncer/txpool_worker/txpool_worker.go:157.54,159.6 1 0
github.com/Ethernal-Tech/ucl-block-explorer-syncer/syncer/txpool_worker/txpool_worker.go:161.5,161.35 1 0
github.com/Ethernal-Tech/ucl-block-explorer-syncer/syncer/txpool_worker/txpool_worker.go:165.3,165.45 1 0
github.com/Ethernal-Tech/ucl-block-explorer-syncer/syncer/txpool_worker/txpool_worker.go:165.45,166.37 1 0
github.com/Ethernal-Tech/ucl-block-explorer-syncer/syncer/txpool_worker/txpool_worker.go:166.37,169.54 2 0
github.com/Ethernal-Tech/ucl-block-explorer-syncer/syncer/txpool_worker/txpool_worker.go:169.54,171.6 1 0
github.com/Ethernal-Tech/ucl-block-explorer-syncer/syncer/txpool_worker/txpool_worker.go:173.5,173.33 1 0
github.com/Ethernal-Tech/ucl-block-explorer-syncer/syncer/txpool_worker/txpool_worker.go:177.3,177.30 1 0
github.com/Ethernal-Tech/ucl-block-explorer-syncer/syncer/txpool_worker/txpool_worker.go:180.2,180.12 1 0
github.com/Ethernal-Tech/ucl-block-explorer-syncer/syncer/txpool_worker/txpool_worker.go:180.12,184.7 2 0
github.com/Ethernal-Tech/ucl-block-explorer-syncer/syncer/txpool_worker/txpool_worker.go:184.7,185.11 1 0
github.com/Ethernal-Tech/ucl-block-explorer-syncer/syncer/txpool_worker/txpool_worker.go:186.20,190.12 3 0
github.com/Ethernal-Tech/ucl-block-explorer-syncer/syncer/txpool_worker/txpool_worker.go:190.12,191.21 1 0
github.com/Ethernal-Tech/ucl-block-explorer-syncer/syncer/txpool_worker/txpool_worker.go:194.5,194.20 1 0
github.com/Ethernal-Tech/ucl-block-explorer-syncer/syncer/txpool_worker/txpool_worker.go:195.12,195.12 0 0
github.com/Ethernal-Tech/ucl-block-explorer-syncer/syncer/txpool_worker/txpool_worker.go:198.4,201.18 3 0
github.com/Ethernal-Tech/ucl-block-explorer-syncer/syncer/txpool_worker/txpool_worker.go:201.18,205.5 2 0
github.com/Ethernal-Tech/ucl-block-explorer-syncer/syncer/txpool_worker/txpool_worker.go:207.4,213.43 2 0
github.com/Ethernal-Tech/ucl-block-explorer-syncer/syncer/txpool_worker/txpool_worker.go:213.43,214.62 1 0
github.com/Ethernal-Tech/ucl-block-explorer-syncer/syncer/txpool_worker/txpool_worker.go:214.62,218.6 2 0
github.com/Ethernal-Tech/ucl-block-explorer-syncer/syncer/txpool_worker/txpool_worker.go:220.5,220.30 1 0
github.com/Ethernal-Tech/ucl-block-explorer-syncer/syncer/txpool_worker/txpool_worker.go:223.4,223.64 1 0
github.com/Ethernal-Tech/ucl-block-explorer-syncer/syncer/txpool_worker/txpool_worker.go:226.3,228.25 2 0
github.com/Ethernal-Tech/ucl-block-explorer-syncer/syncer/txpool_worker/txpool_worker.go:231.2,231.12 1 0
github.com/Ethernal-Tech/ucl-block-explorer-syncer/syncer/txpool_worker/txpool_worker.go:235.44,236.16 1 0
github.com/Ethernal-Tech/ucl-block-explorer-syncer/syncer/txpool_worker/txpool_worker.go:236.16,240.3 2 0
github.com/Ethernal-Tech/ucl-block-explorer-syncer/syncer/txpool_worker/txpool_worker.go:242.2,242.20 1 0
github.com/Ethernal-Tech/ucl-block-explorer-syncer/syncer/txpool_worker/txpool_worker.go:245.53,246.21 1 0
github.com/Ethernal-Tech/ucl-block-explorer-syncer/syncer/txpool_worker/txpool_worker.go:246.21,251.3 1 0
github.com/Ethernal-Tech/ucl-block-explorer-syncer/utils/config.go:35.50,37.16 2 0
github.com/Ethernal-Tech/ucl-block-explorer-syncer/utils/config.go:37.16,39.3 1 0
github.com/Ethernal-Tech/ucl-block-explorer-syncer/utils/config.go:41.2,41.61 1 0
github.com/Ethernal-Tech/ucl-block-explorer-syncer/utils/config.go:41.61,43.3 1 0
github.com/Ethernal-Tech/ucl-block-explorer-syncer/utils/config.go:45.2,45.12 1 0
github.com/Ethernal-Tech/ucl-block-explorer-syncer/utils/config.go:48.55,49.20 1 0
github.com/Ethernal-Tech/ucl-block-explorer-syncer/utils/config.go:49.20,51.3 1 0
github.com/Ethernal-Tech/ucl-block-explorer-syncer/utils/config.go:53.2,53.65 1 0
github.com/Ethernal-Tech/ucl-block-explorer-syncer/utils/config.go:53.65,55.3 1 0
github.com/Ethernal-Tech/ucl-block-explorer-syncer/utils/config.go:57.2,58.16 2 0
github.com/Ethernal-Tech/ucl-block-explorer-syncer/utils/config.go:58.16,60.3 1 0
github.com/Ethernal-Tech/ucl-block-explorer-syncer/utils/config.go:62.2,64.51 2 0
github.com/Ethernal-Tech/ucl-block-explorer-syncer/utils/config.go:64.51,66.3 1 0
github.com/Ethernal-Tech/ucl-block-explorer-syncer/utils/config.go:68.2,68.17 1 0
github.com/Ethernal-Tech/ucl-block-explorer-syncer/tracing/otel.go:23.28,25.2 1 0
github.com/Ethernal-Tech/ucl-block-explorer-syncer/tracing/otel.go:32.86,34.16 2 0
github.com/Ethernal-Tech/ucl-block-explorer-syncer/tracing/otel.go:34.16,36.3 1 0
github.com/Ethernal-Tech/ucl-block-explorer-syncer/tracing/otel.go:38.2,44.87 3 0
github.com/Ethernal-Tech/ucl-block-explorer-syncer/tracing/otel.go:44.87,46.3 1 0
github.com/Ethernal-Tech/ucl-block-explorer-syncer/tracing/otel.go:46.8,48.3 1 0
github.com/Ethernal-Tech/ucl-block-explorer-syncer/tracing/otel.go:50.2,51.16 2 0
github.com/Ethernal-Tech/ucl-block-explorer-syncer/tracing/otel.go:51.16,53.3 1 0
github.com/Ethernal-Tech/ucl-block-explorer-syncer/tracing/otel.go:55.2,61.25 3 0
github.com/Ethernal-Tech/ucl-block-explorer-syncer/tracing/otel.go:64.69,66.23 2 0
github.com/Ethernal-Tech/ucl-block-explorer-syncer/tracing/otel.go:66.23,68.3 1 0
github.com/Ethernal-Tech/ucl-block-explorer-syncer/tracing/otel.go:70.2,71.15 2 0
github.com/Ethernal-Tech/ucl-block-explorer-syncer/tracing/otel.go:71.15,73.3 1 0
github.com/Ethernal-Tech/ucl-block-explorer-syncer/tracing/otel.go:77.2,83.3 1 0
github.com/Ethernal-Tech/ucl-block-explorer-syncer/gorules/rules.go:7.42,15.2 1 0
github.com/Ethernal-Tech/ucl-block-explorer-syncer/gorules/rules.go:17.38,19.2 1 0
github.com/Ethernal-Tech/ucl-block-explorer-syncer/gorules/rules.go:21.50,35.2 2 0
github.com/Ethernal-Tech/ucl-block-explorer-syncer/httpserver/admin_asset_issuers.go:24.82,27.32 2 4
github.com/Ethernal-Tech/ucl-block-explorer-syncer/httpserver/admin_asset_issuers.go:27.32,31.3 2 1
github.com/Ethernal-Tech/ucl-block-explorer-syncer/httpserver/admin_asset_issuers.go:33.2,34.74 2 3
github.com/Ethernal-Tech/ucl-block-explorer-syncer/httpserver/admin_asset_issuers.go:34.74,38.3 2 2
github.com/Ethernal-Tech/ucl-block-explorer-syncer/httpserver/admin_asset_issuers.go:40.2,40.21 1 1
github.com/Ethernal-Tech/ucl-block-explorer-syncer/httpserver/admin_asset_issuers.go:40.21,44.3 2 1
github.com/Ethernal-Tech/ucl-block-explorer-syncer/httpserver/admin_asset_issuers.go:46.2,47.22 2 0
github.com/Ethernal-Tech/ucl-block-explorer-syncer/httpserver/admin_asset_issuers.go:47.22,49.3 1 0
github.com/Ethernal-Tech/ucl-block-explorer-syncer/httpserver/admin_asset_issuers.go:51.2,51.18 1 0
github.com/Ethernal-Tech/ucl-block-explorer-syncer/httpserver/admin_asset_issuers.go:52.23,53.15 1 0
github.com/Ethernal-Tech/ucl-block-explorer-syncer/httpserver/admin_asset_issuers.go:53.15,57.4 2 0
github.com/Ethernal-Tech/ucl-block-explorer-syncer/httpserver/admin_asset_issuers.go:59.3,59.34 1 0
github.com/Ethernal-Tech/ucl-block-explorer-syncer/httpserver/admin_asset_issuers.go:60.22,61.15 1 0
github.com/Ethernal-Tech/ucl-block-explorer-syncer/httpserver/admin_asset_issuers.go:61.15,65.4 2 0
github.com/Ethernal-Tech/ucl-block-explorer-syncer/httpserver/admin_asset_issuers.go:67.3,67.38 1 0
github.com/Ethernal-Tech/ucl-block-explorer-syncer/httpserver/admin_asset_issuers.go:68.25,69.15 1 0
github.com/Ethernal-Tech/ucl-block-explorer-syncer/httpserver/admin_asset_issuers.go:69.15,73.4 2 0
github.com/Ethernal-Tech/ucl-block-explorer-syncer/httpserver/admin_asset_issuers.go:75.3,75.35 1 0
github.com/Ethernal-Tech/ucl-block-explorer-syncer/httpserver/admin_asset_issuers.go:76.10,77.63 1 0
github.com/Ethernal-Tech/ucl-block-explorer-syncer/httpserver/admin_asset_issuers.go:81.82,83.16 2 5
github.com/Ethernal-Tech/ucl-block-explorer-syncer/httpserver/admin_asset_issuers.go:83.16,87.3 2 0
github.com/Ethernal-Tech/ucl-block-explorer-syncer/httpserver/admin_asset_issuers.go:89.2,90.51 2 5
github.com/Ethernal-Tech/ucl-block-explorer-syncer/httpserver/admin_asset_issuers.go:90.51,94.3 2 1
github.com/Ethernal-Tech/ucl-block-explorer-syncer/httpserver/admin_asset_issuers.go:96.2,97.16 2 4
github.com/Ethernal-Tech/ucl-block-explorer-syncer/httpserver/admin_asset_issuers.go:97.16,101.3 2 2
github.com/Ethernal-Tech/ucl-block-explorer-syncer/httpserver/admin_asset_issuers.go:103.2,104.35 2 2
github.com/Ethernal-Tech/ucl-block-explorer-syncer/httpserver/admin_asset_issuers.go:104.35,106.17 2 3
github.com/Ethernal-Tech/ucl-block-explorer-syncer/httpserver/admin_asset_issuers.go:106.17,110.4 2 2
github.com/Ethernal-Tech/ucl-block-explorer-syncer/httpserver/admin_asset_issuers.go:112.3,112.52 1 1
github.com/Ethernal-Tech/ucl-block-explorer-syncer/httpserver/admin_asset_issuers.go:115.2,122.16 2 0
github.com/Ethernal-Tech/ucl-block-explorer-syncer/httpserver/admin_asset_issuers.go:122.16,124.54 1 0
github.com/Ethernal-Tech/ucl-block-explorer-syncer/httpserver/admin_asset_issuers.go:124.54,128.4 2 0
github.com/Ethernal-Tech/ucl-block-explorer-syncer/httpserver/admin_asset_issuers.go:130.3,132.9 2 0
github.com/Ethernal-Tech/ucl-block-explorer-syncer/httpserver/admin_asset_issuers.go:135.2,139.4 2 0
github.com/Ethernal-Tech/ucl-block-explorer-syncer/httpserver/admin_asset_issuers.go:142.93,144.16 2 3
github.com/Ethernal-Tech/ucl-block-explorer-syncer/httpserver/admin_asset_issuers.go:144.16,148.3 2 0
github.com/Ethernal-Tech/ucl-block-explorer-syncer/httpserver/admin_asset_issuers.go:150.2,151.51 2 3
github.com/Ethernal-Tech/ucl-block-explorer-syncer/httpserver/admin_asset_issuers.go:151.51,155.3 2 1
github.com/Ethernal-Tech/ucl-block-explorer-syncer/httpserver/admin_asset_issuers.go:157.2,158.16 2 2
github.com/Ethernal-Tech/ucl-block-explorer-syncer/httpserver/admin_asset_issuers.go:158.16,162.3 2 1
github.com/Ethernal-Tech/ucl-block-explorer-syncer/httpserver/admin_asset_issuers.go:164.2,165.35 2 1
github.com/Ethernal-Tech/ucl-block-explorer-syncer/httpserver/admin_asset_issuers.go:165.35,167.17 2 1
github.com/Ethernal-Tech/ucl-block-explorer-syncer/httpserver/admin_asset_issuers.go:167.17,171.4 2 1
github.com/Ethernal-Tech/ucl-block-explorer-syncer/httpserver/admin_asset_issuers.go:173.3,173.52 1 0
github.com/Ethernal-Tech/ucl-block-explorer-syncer/httpserver/admin_asset_issuers.go:176.2,184.35 2 0
github.com/Ethernal-Tech/ucl-block-explorer-syncer/httpserver/admin_asset_issuers.go:184.35,188.3 2 0
github.com/Ethernal-Tech/ucl-block-explorer-syncer/httpserver/admin_asset_issuers.go:190.2,190.16 1 0
github.com/Ethernal-Tech/ucl-block-explorer-syncer/httpserver/admin_asset_issuers.go:190.16,192.54 1 0
github.com/Ethernal-Tech/ucl-block-explorer-syncer/httpserver/admin_asset_issuers.go:192.54,196.4 2 0
github.com/Ethernal-Tech/ucl-block-explorer-syncer/httpserver/admin_asset_issuers.go:198.3,200.9 2 0
github.com/Ethernal-Tech/ucl-block-explorer-syncer/httpserver/admin_asset_issuers.go:203.2,206.4 1 0
github.com/Ethernal-Tech/ucl-block-explorer-syncer/httpserver/admin_asset_issuers.go:209.76,211.35 2 0
github.com/Ethernal-Tech/ucl-block-explorer-syncer/httpserver/admin_asset_issuers.go:211.35,215.3 2 0
github.com/Ethernal-Tech/ucl-block-explorer-syncer/httpserver/admin_asset_issuers.go:217.2,217.16 1 0
github.com/Ethernal-Tech/ucl-block-explorer-syncer/httpserver/admin_asset_issuers.go:217.16,221.3 2 0
github.com/Ethernal-Tech/ucl-block-explorer-syncer/httpserver/admin_asset_issuers.go:223.2,226.4 1 0
github.com/Ethernal-Tech/ucl-block-explorer-syncer/httpserver/admin_erc20.go:31.48,32.22 1 9
github.com/Ethernal-Tech/ucl-block-explorer-syncer/httpserver/admin_erc20.go:32.22,34.3 1 4
github.com/Ethernal-Tech/ucl-block-explorer-syncer/httpserver/admin_erc20.go:36.2,36.62 1 5
github.com/Ethernal-Tech/ucl-block-explorer-syncer/httpserver/admin_erc20.go:39.47,43.73 3 12
github.com/Ethernal-Tech/ucl-block-explorer-syncer/httpserver/admin_erc20.go:43.73,45.3 1 4
github.com/Ethernal-Tech/ucl-block-explorer-syncer/httpserver/admin_erc20.go:47.2,47.43 1 8
github.com/Ethernal-Tech/ucl-block-explorer-syncer/httpserver/admin_erc20.go:50.84,53.33 2 1
github.com/Ethernal-Tech/ucl-block-explorer-syncer/httpserver/admin_erc20.go:53.33,57.3 2 0
github.com/Ethernal-Tech/ucl-block-explorer-syncer/httpserver/admin_erc20.go:59.2,59.32 1 1
github.com/Ethernal-Tech/ucl-block-explorer-syncer/httpserver/admin_erc20.go:59.32,63.3 2 1
github.com/Ethernal-Tech/ucl-block-explorer-syncer/httpserver/admin_erc20.go:65.2,66.74 2 0
github.com/Ethernal-Tech/ucl-block-explorer-syncer/httpserver/admin_erc20.go:66.74,70.3 2 0
github.com/Ethernal-Tech/ucl-block-explorer-syncer/httpserver/admin_erc20.go:72.2,72.21 1 0
github.com/Ethernal-Tech/ucl-block-explorer-syncer/httpserver/admin_erc20.go:72.21,76.3 2 0
github.com/Ethernal-Tech/ucl-block-explorer-syncer/httpserver/admin_erc20.go:78.2,79.16 2 0
github.com/Ethernal-Tech/ucl-block-explorer-syncer/httpserver/admin_erc20.go:79.16,83.3 2 0
github.com/Ethernal-Tech/ucl-block-explorer-syncer/httpserver/admin_erc20.go:85.2,86.51 2 0
github.com/Ethernal-Tech/ucl-block-explorer-syncer/httpserver/admin_erc20.go:86.51,90.3 2 0
github.com/Ethernal-Tech/ucl-block-explorer-syncer/httpserver/admin_erc20.go:92.2,93.16 2 0
github.com/Ethernal-Tech/ucl-block-explorer-syncer/httpserver/admin_erc20.go:93.16,97.3 2 0
github.com/Ethernal-Tech/ucl-block-explorer-syncer/httpserver/admin_erc20.go:99.2,105.20 3 0
github.com/Ethernal-Tech/ucl-block-explorer-syncer/httpserver/admin_erc20.go:105.20,112.12 3 0
github.com/Ethernal-Tech/ucl-block-explorer-syncer/httpserver/admin_erc20.go:112.12,116.4 2 0
github.com/Ethernal-Tech/ucl-block-explorer-syncer/httpserver/admin_erc20.go:119.3,119.26 1 0
github.com/Ethernal-Tech/ucl-block-explorer-syncer/httpserver/admin_erc20.go:119.26,121.18 2 0
github.com/Ethernal-Tech/ucl-block-explorer-syncer/httpserver/admin_erc20.go:121.18,125.5 2 0
github.com/Ethernal-Tech/ucl-block-explorer-syncer/httpserver/admin_erc20.go:127.4,127.19 1 0
github.com/Ethernal-Tech/ucl-block-explorer-syncer/httpserver/admin_erc20.go:127.19,131.5 2 0
github.com/Ethernal-Tech/ucl-block-explorer-syncer/httpserver/admin_erc20.go:135.2,136.22 2 0
github.com/Ethernal-Tech/ucl-block-explorer-syncer/httpserver/admin_erc20.go:136.22,140.3 2 0
github.com/Ethernal-Tech/ucl-block-explorer-syncer/httpserver/admin_erc20.go:142.2,144.25 2 0
github.com/Ethernal-Tech/ucl-block-explorer-syncer/httpserver/admin_erc20.go:144.25,145.54 1 0
github.com/Ethernal-Tech/ucl-block-explorer-syncer/httpserver/admin_erc20.go:145.54,149.4 2 0
github.com/Ethernal-Tech/ucl-block-explorer-syncer/httpserver/admin_erc20.go:151.3,151.64 1 0
github.com/Ethernal-Tech/ucl-block-explorer-syncer/httpserver/admin_erc20.go:154.2,155.24 2 0
github.com/Ethernal-Tech/ucl-block-explorer-syncer/httpserver/admin_erc20.go:155.24,157.3 1 0
github.com/Ethernal-Tech/ucl-block-explorer-syncer/httpserver/admin_erc20.go:159.2,160.18 2 0
github.com/Ethernal-Tech/ucl-block-explorer-syncer/httpserver/admin_erc20.go:160.18,162.3 1 0
github.com/Ethernal-Tech/ucl-block-explorer-syncer/httpserver/admin_erc20.go:164.2,173.16 2 0
github.com/Ethernal-Tech/ucl-block-explorer-syncer/httpserver/admin_erc20.go:173.16,179.3 3 0
github.com/Ethernal-Tech/ucl-block-explorer-syncer/httpserver/admin_erc20.go:181.2,184.4 1 0
github.com/Ethernal-Tech/ucl-block-explorer-syncer/httpserver/admin_erc20.go:187.52,189.16 2 0
github.com/Ethernal-Tech/ucl-block-explorer-syncer/httpserver/admin_erc20.go:189.16,191.3 1 0
github.com/Ethernal-Tech/ucl-block-explorer-syncer/httpserver/admin_erc20.go:193.2,199.31 2 0
github.com/Ethernal-Tech/ucl-block-explorer-syncer/httpserver/admin_erc20.go:199.31,201.3 1 0
github.com/Ethernal-Tech/ucl-block-explorer-syncer/httpserver/admin_erc20.go:203.2,203.20 1 0
github.com/Ethernal-Tech/ucl-block-explorer-syncer/httpserver/admin_erc20.go:203.20,205.3 1 0
github.com/Ethernal-Tech/ucl-block-explorer-syncer/httpserver/admin_erc20.go:207.2,207.53 1 0
github.com/Ethernal-Tech/ucl-block-explorer-syncer/httpserver/admin_erc20.go:210.44,220.32 2 0
github.com/Ethernal-Tech/ucl-block-explorer-syncer/httpserver/admin_erc20.go:220.32,221.39 1 0
github.com/Ethernal-Tech/ucl-block-explorer-syncer/httpserver/admin_erc20.go:221.39,223.4 1 0
github.com/Ethernal-Tech/ucl-block-explorer-syncer/httpserver/admin_erc20.go:226.2,226.13 1 0
github.com/Ethernal-Tech/ucl-block-explorer-syncer/httpserver/admin_esg.go:19.73,22.32 2 4
github.com/Ethernal-Tech/ucl-block-explorer-syncer/httpserver/admin_esg.go:22.32,26.3 2 1
github.com/Ethernal-Tech/ucl-block-explorer-syncer/httpserver/admin_esg.go:28.2,29.74 2 3
github.com/Ethernal-Tech/ucl-block-explorer-syncer/httpserver/admin_esg.go:29.74,33.3 2 2
github.com/Ethernal-Tech/ucl-block-explorer-syncer/httpserver/admin_esg.go:35.2,35.21 1 1
github.com/Ethernal-Tech/ucl-block-explorer-syncer/httpserver/admin_esg.go:35.21,39.3 2 1
github.com/Ethernal-Tech/ucl-block-explorer-syncer/httpserver/admin_esg.go:41.2,41.45 1 0
github.com/Ethernal-Tech/ucl-block-explorer-syncer/httpserver/admin_esg.go:41.45,44.3 2 0
github.com/Ethernal-Tech/ucl-block-explorer-syncer/httpserver/admin_esg.go:45.2,45.76 1 0
github.com/Ethernal-Tech/ucl-block-explorer-syncer/httpserver/admin_esg.go:45.76,47.14 2 0
github.com/Ethernal-Tech/ucl-block-explorer-syncer/httpserver/admin_esg.go:47.14,49.4 1 0
github.com/Ethernal-Tech/ucl-block-explorer-syncer/httpserver/admin_esg.go:51.3,51.25 1 0
github.com/Ethernal-Tech/ucl-block-explorer-syncer/httpserver/admin_esg.go:53.2,55.18 2 0
github.com/Ethernal-Tech/ucl-block-explorer-syncer/httpserver/admin_esg.go:56.22,61.17 3 0
github.com/Ethernal-Tech/ucl-block-explorer-syncer/httpserver/admin_esg.go:61.17,65.4 2 0
github.com/Ethernal-Tech/ucl-block-explorer-syncer/httpserver/admin_esg.go:67.3,68.17 2 0
github.com/Ethernal-Tech/ucl-block-explorer-syncer/httpserver/admin_esg.go:68.17,72.4 2 0
github.com/Ethernal-Tech/ucl-block-explorer-syncer/httpserver/admin_esg.go:74.3,75.17 2 0
github.com/Ethernal-Tech/ucl-block-explorer-syncer/httpserver/admin_esg.go:75.17,79.4 2 0
github.com/Ethernal-Tech/ucl-block-explorer-syncer/httpserver/admin_esg.go:81.3,82.17 2 0
github.com/Ethernal-Tech/ucl-block-explorer-syncer/httpserver/admin_esg.go:82.17,86.4 2 0
github.com/Ethernal-Tech/ucl-block-explorer-syncer/httpserver/admin_esg.go:88.3,88.89 1 0
github.com/Ethernal-Tech/ucl-block-explorer-syncer/httpserver/admin_esg.go:88.89,92.4 2 0
github.com/Ethernal-Tech/ucl-block-explorer-syncer/httpserver/admin_esg.go:93.10,95.83 2 0
github.com/Ethernal-Tech/ucl-block-explorer-syncer/httpserver/admin_esg.go:101.9,112.16 4 0
github.com/Ethernal-Tech/ucl-block-explorer-syncer/httpserver/admin_esg.go:112.16,114.3 1 0
github.com/Ethernal-Tech/ucl-block-explorer-syncer/httpserver/admin_esg.go:116.2,120.18 3 0
github.com/Ethernal-Tech/ucl-block-explorer-syncer/httpserver/admin_esg.go:120.18,123.100 2 0
github.com/Ethernal-Tech/ucl-block-explorer-syncer/httpserver/admin_esg.go:123.100,125.4 1 0
github.com/Ethernal-Tech/ucl-block-explorer-syncer/httpserver/admin_esg.go:127.3,127.25 1 0
github.com/Ethernal-Tech/ucl-block-explorer-syncer/httpserver/admin_esg.go:130.2,134.40 2 0
github.com/Ethernal-Tech/ucl-block-explorer-syncer/httpserver/admin_validators.go:22.80,26.32 2 4
github.com/Ethernal-Tech/ucl-block-explorer-syncer/httpserver/admin_validators.go:26.32,30.3 2 1
github.com/Ethernal-Tech/ucl-block-explorer-syncer/httpserver/admin_validators.go:32.2,33.74 2 3
github.com/Ethernal-Tech/ucl-block-explorer-syncer/httpserver/admin_validators.go:33.74,37.3 2 2
github.com/Ethernal-Tech/ucl-block-explorer-syncer/httpserver/admin_validators.go:39.2,39.21 1 1
github.com/Ethernal-Tech/ucl-block-explorer-syncer/httpserver/admin_validators.go:39.21,43.3 2 1
github.com/Ethernal-Tech/ucl-block-explorer-syncer/httpserver/admin_validators.go:46.2,47.38 2 0
github.com/Ethernal-Tech/ucl-block-explorer-syncer/httpserver/admin_validators.go:47.38,51.3 2 0
github.com/Ethernal-Tech/ucl-block-explorer-syncer/httpserver/admin_validators.go:53.2,54.32 2 0
github.com/Ethernal-Tech/ucl-block-explorer-syncer/httpserver/admin_validators.go:54.32,58.3 2 0
github.com/Ethernal-Tech/ucl-block-explorer-syncer/httpserver/admin_validators.go:60.2,62.18 2 0
github.com/Ethernal-Tech/ucl-block-explorer-syncer/httpserver/admin_validators.go:63.39,64.47 1 0
github.com/Ethernal-Tech/ucl-block-explorer-syncer/httpserver/admin_validators.go:65.25,66.44 1 0
github.com/Ethernal-Tech/ucl-block-explorer-syncer/httpserver/admin_validators.go:67.10,68.63 1 0
github.com/Ethernal-Tech/ucl-block-explorer-syncer/httpserver/admin_validators.go:72.96,74.16 2 3
github.com/Ethernal-Tech/ucl-block-explorer-syncer/httpserver/admin_validators.go:74.16,78.3 2 0
github.com/Ethernal-Tech/ucl-block-explorer-syncer/httpserver/admin_validators.go:80.2,81.51 2 3
github.com/Ethernal-Tech/ucl-block-explorer-syncer/httpserver/admin_validators.go:81.51,85.3 2 2
github.com/Ethernal-Tech/ucl-block-explorer-syncer/httpserver/admin_validators.go:87.2,88.16 2 1
github.com/Ethernal-Tech/ucl-block-explorer-syncer/httpserver/admin_validators.go:88.16,92.3 2 1
github.com/Ethernal-Tech/ucl-block-explorer-syncer/httpserver/admin_validators.go:94.2,100.16 2 0
github.com/Ethernal-Tech/ucl-block-explorer-syncer/httpserver/admin_validators.go:100.16,104.3 2 0
github.com/Ethernal-Tech/ucl-block-explorer-syncer/httpserver/admin_validators.go:106.2,109.4 1 0
github.com/Ethernal-Tech/ucl-block-explorer-syncer/httpserver/admin_validators.go:112.79,114.35 2 0
github.com/Ethernal-Tech/ucl-block-explorer-syncer/httpserver/admin_validators.go:114.35,118.3 2 0
github.com/Ethernal-Tech/ucl-block-explorer-syncer/httpserver/admin_validators.go:120.2,120.16 1 0
github.com/Ethernal-Tech/ucl-block-explorer-syncer/httpserver/admin_validators.go:120.16,124.3 2 0
github.com/Ethernal-Tech/ucl-block-explorer-syncer/httpserver/admin_validators.go:126.2,129.4 1 0
github.com/Ethernal-Tech/ucl-block-explorer-syncer/httpserver/balance.go:29.66,31.19 2 0
github.com/Ethernal-Tech/ucl-block-explorer-syncer/httpserver/balance.go:31.19,33.3 1 0
github.com/Ethernal-Tech/ucl-block-explorer-syncer/httpserver/balance.go:35.2,36.16 2 0
github.com/Ethernal-Tech/ucl-block-explorer-syncer/httpserver/balance.go:36.16,38.3 1 0
github.com/Ethernal-Tech/ucl-block-explorer-syncer/httpserver/balance.go:40.2,40.82 1 0
github.com/Ethernal-Tech/ucl-block-explorer-syncer/httpserver/balance.go:47.21,49.16 2 0
github.com/Ethernal-Tech/ucl-block-explorer-syncer/httpserver/balance.go:49.16,51.3 1 0
github.com/Ethernal-Tech/ucl-block-explorer-syncer/httpserver/balance.go:53.2,57.96 4 0
github.com/Ethernal-Tech/ucl-block-explorer-syncer/httpserver/balance.go:57.96,59.3 1 0
github.com/Ethernal-Tech/ucl-block-explorer-syncer/httpserver/balance.go:61.2,61.33 1 0
github.com/Ethernal-Tech/ucl-block-explorer-syncer/httpserver/balance.go:65.51,67.61 2 16
github.com/Ethernal-Tech/ucl-block-explorer-syncer/httpserver/balance.go:67.61,69.3 1 9
github.com/Ethernal-Tech/ucl-block-explorer-syncer/httpserver/balance.go:71.2,71.81 1 7
github.com/Ethernal-Tech/ucl-block-explorer-syncer/httpserver/balance.go:71.81,73.3 1 2
github.com/Ethernal-Tech/ucl-block-explorer-syncer/httpserver/balance.go:75.2,76.16 2 5
github.com/Ethernal-Tech/ucl-block-explorer-syncer/httpserver/balance.go:76.16,78.3 1 3
github.com/Ethernal-Tech/ucl-block-explorer-syncer/httpserver/balance.go:80.2,80.37 1 2
github.com/Ethernal-Tech/ucl-block-explorer-syncer/httpserver/helper.go:25.64,28.2 2 24
github.com/Ethernal-Tech/ucl-block-explorer-syncer/httpserver/public_api.go:29.102,32.24 2 3
github.com/Ethernal-Tech/ucl-block-explorer-syncer/httpserver/public_api.go:32.24,33.23 1 0
github.com/Ethernal-Tech/ucl-block-explorer-syncer/httpserver/public_api.go:33.23,37.4 2 0
github.com/Ethernal-Tech/ucl-block-explorer-syncer/httpserver/public_api.go:39.3,39.22 1 0
github.com/Ethernal-Tech/ucl-block-explorer-syncer/httpserver/public_api.go:42.2,44.28 2 3
github.com/Ethernal-Tech/ucl-block-explorer-syncer/httpserver/public_api.go:44.28,45.67 1 1
github.com/Ethernal-Tech/ucl-block-explorer-syncer/httpserver/public_api.go:45.67,50.4 2 1
github.com/Ethernal-Tech/ucl-block-explorer-syncer/httpserver/public_api.go:52.3,52.30 1 0
github.com/Ethernal-Tech/ucl-block-explorer-syncer/httpserver/public_api.go:55.2,56.40 2 2
github.com/Ethernal-Tech/ucl-block-explorer-syncer/httpserver/public_api.go:56.40,58.3 1 0
github.com/Ethernal-Tech/ucl-block-explorer-syncer/httpserver/public_api.go:60.2,61.34 2 2
github.com/Ethernal-Tech/ucl-block-explorer-syncer/httpserver/public_api.go:61.34,63.3 1 0
github.com/Ethernal-Tech/ucl-block-explorer-syncer/httpserver/public_api.go:65.2,73.25 3 2
github.com/Ethernal-Tech/ucl-block-explorer-syncer/httpserver/public_api.go:73.25,75.3 1 1
github.com/Ethernal-Tech/ucl-block-explorer-syncer/httpserver/public_api.go:77.2,78.16 2 2
github.com/Ethernal-Tech/ucl-block-explorer-syncer/httpserver/public_api.go:78.16,82.3 2 2
github.com/Ethernal-Tech/ucl-block-explorer-syncer/httpserver/public_api.go:84.2,85.24 2 0
github.com/Ethernal-Tech/ucl-block-explorer-syncer/httpserver/public_api.go:85.24,89.3 2 0
github.com/Ethernal-Tech/ucl-block-explorer-syncer/httpserver/public_api.go:91.2,91.24 1 0
github.com/Ethernal-Tech/ucl-block-explorer-syncer/httpserver/public_api.go:91.24,95.3 2 0
github.com/Ethernal-Tech/ucl-block-explorer-syncer/httpserver/public_api.go:97.2,98.38 2 0
github.com/Ethernal-Tech/ucl-block-explorer-syncer/httpserver/public_api.go:98.38,106.3 1 0
github.com/Ethernal-Tech/ucl-block-explorer-syncer/httpserver/public_api.go:108.2,113.4 1 0
github.com/Ethernal-Tech/ucl-block-explorer-syncer/httpserver/public_api.go:121.3,122.35 1 8
github.com/Ethernal-Tech/ucl-block-explorer-syncer/httpserver/public_api.go:122.35,127.3 2 6
github.com/Ethernal-Tech/ucl-block-explorer-syncer/httpserver/public_api.go:129.2,130.33 2 2
github.com/Ethernal-Tech/ucl-block-explorer-syncer/httpserver/public_api.go:130.33,132.3 1 1
github.com/Ethernal-Tech/ucl-block-explorer-syncer/httpserver/public_api.go:134.2,135.16 2 2
github.com/Ethernal-Tech/ucl-block-explorer-syncer/httpserver/public_api.go:135.16,136.40 1 2
github.com/Ethernal-Tech/ucl-block-explorer-syncer/httpserver/public_api.go:136.40,140.4 2 0
github.com/Ethernal-Tech/ucl-block-explorer-syncer/httpserver/public_api.go:142.3,144.9 2 2
github.com/Ethernal-Tech/ucl-block-explorer-syncer/httpserver/public_api.go:147.2,147.52 1 0
github.com/Ethernal-Tech/ucl-block-explorer-syncer/httpserver/public_api.go:147.52,151.3 2 0
github.com/Ethernal-Tech/ucl-block-explorer-syncer/httpserver/public_api.go:153.2,153.24 1 0
github.com/Ethernal-Tech/ucl-block-explorer-syncer/httpserver/public_api.go:153.24,157.3 2 0
github.com/Ethernal-Tech/ucl-block-explorer-syncer/httpserver/public_api.go:159.2,171.4 2 0
github.com/Ethernal-Tech/ucl-block-explorer-syncer/httpserver/public_api.go:180.3,182.16 2 10
github.com/Ethernal-Tech/ucl-block-explorer-syncer/httpserver/public_api.go:182.16,186.3 2 2
github.com/Ethernal-Tech/ucl-block-explorer-syncer/httpserver/public_api.go:188.2,189.67 2 8
github.com/Ethernal-Tech/ucl-block-explorer-syncer/httpserver/public_api.go:189.67,191.3 1 2
github.com/Ethernal-Tech/ucl-block-explorer-syncer/httpserver/public_api.go:193.2,193.57 1 8
github.com/Ethernal-Tech/ucl-block-explorer-syncer/httpserver/public_api.go:193.57,198.3 2 2
github.com/Ethernal-Tech/ucl-block-explorer-syncer/httpserver/public_api.go:200.2,200.28 1 6
github.com/Ethernal-Tech/ucl-block-explorer-syncer/httpserver/public_api.go:200.28,205.3 2 1
github.com/Ethernal-Tech/ucl-block-explorer-syncer/httpserver/public_api.go:207.2,208.16 2 5
github.com/Ethernal-Tech/ucl-block-explorer-syncer/httpserver/public_api.go:208.16,212.3 2 3
github.com/Ethernal-Tech/ucl-block-explorer-syncer/httpserver/public_api.go:214.2,214.16 1 2
github.com/Ethernal-Tech/ucl-block-explorer-syncer/httpserver/public_api.go:214.16,216.3 1 0
github.com/Ethernal-Tech/ucl-block-explorer-syncer/httpserver/public_api.go:218.2,219.51 2 2
github.com/Ethernal-Tech/ucl-block-explorer-syncer/httpserver/public_api.go:219.51,221.3 1 2
github.com/Ethernal-Tech/ucl-block-explorer-syncer/httpserver/public_api.go:223.2,228.4 1 2
github.com/Ethernal-Tech/ucl-block-explorer-syncer/httpserver/public_api.go:237.3,240.28 2 8
github.com/Ethernal-Tech/ucl-block-explorer-syncer/httpserver/public_api.go:240.28,241.70 1 0
github.com/Ethernal-Tech/ucl-block-explorer-syncer/httpserver/public_api.go:241.70,246.4 2 0
github.com/Ethernal-Tech/ucl-block-explorer-syncer/httpserver/public_api.go:248.3,248.30 1 0
github.com/Ethernal-Tech/ucl-block-explorer-syncer/httpserver/public_api.go:251.2,255.26 2 8
github.com/Ethernal-Tech/ucl-block-explorer-syncer/httpserver/public_api.go:255.26,257.3 1 1
github.com/Ethernal-Tech/ucl-block-explorer-syncer/httpserver/public_api.go:259.2,259.29 1 8
github.com/Ethernal-Tech/ucl-block-explorer-syncer/httpserver/public_api.go:259.29,261.3 1 1
github.com/Ethernal-Tech/ucl-block-explorer-syncer/httpserver/public_api.go:263.2,263.27 1 8
github.com/Ethernal-Tech/ucl-block-explorer-syncer/httpserver/public_api.go:263.27,265.3 1 1
github.com/Ethernal-Tech/ucl-block-explorer-syncer/httpserver/public_api.go:267.2,267.27 1 8
github.com/Ethernal-Tech/ucl-block-explorer-syncer/httpserver/public_api.go:267.27,269.3 1 1
github.com/Ethernal-Tech/ucl-block-explorer-syncer/httpserver/public_api.go:271.2,272.30 2 8
github.com/Ethernal-Tech/ucl-block-explorer-syncer/httpserver/public_api.go:272.30,274.3 1 7
github.com/Ethernal-Tech/ucl-block-explorer-syncer/httpserver/public_api.go:276.2,277.16 2 8
github.com/Ethernal-Tech/ucl-block-explorer-syncer/httpserver/public_api.go:277.16,279.10 2 8
github.com/Ethernal-Tech/ucl-block-explorer-syncer/httpserver/public_api.go:280.55,281.110 1 2
github.com/Ethernal-Tech/ucl-block-explorer-syncer/httpserver/public_api.go:282.56,283.105 1 1
github.com/Ethernal-Tech/ucl-block-explorer-syncer/httpserver/public_api.go:285.47,286.69 1 2
github.com/Ethernal-Tech/ucl-block-explorer-syncer/httpserver/public_api.go:287.48,288.87 1 1
github.com/Ethernal-Tech/ucl-block-explorer-syncer/httpserver/public_api.go:289.46,290.100 1 1
github.com/Ethernal-Tech/ucl-block-explorer-syncer/httpserver/public_api.go:291.11,292.107 1 1
github.com/Ethernal-Tech/ucl-block-explorer-syncer/httpserver/public_api.go:295.3,295.9 1 8
github.com/Ethernal-Tech/ucl-block-explorer-syncer/httpserver/public_api.go:298.2,299.33 2 0
github.com/Ethernal-Tech/ucl-block-explorer-syncer/httpserver/public_api.go:299.33,309.3 1 0
github.com/Ethernal-Tech/ucl-block-explorer-syncer/httpserver/public_api.go:311.2,315.27 2 0
github.com/Ethernal-Tech/ucl-block-explorer-syncer/httpserver/public_api.go:315.27,318.3 2 0
github.com/Ethernal-Tech/ucl-block-explorer-syncer/httpserver/public_api.go:320.2,320.40 1 0
github.com/Ethernal-Tech/ucl-block-explorer-syncer/httpserver/public_api.go:323.61,324.100 1 3
github.com/Ethernal-Tech/ucl-block-explorer-syncer/httpserver/public_api.go:324.100,328.3 2 1
github.com/Ethernal-Tech/ucl-block-explorer-syncer/httpserver/public_api.go:330.2,331.29 2 2
github.com/Ethernal-Tech/ucl-block-explorer-syncer/httpserver/public_api.go:331.29,335.3 2 0
github.com/Ethernal-Tech/ucl-block-explorer-syncer/httpserver/public_api.go:337.2,338.57 1 2
github.com/Ethernal-Tech/ucl-block-explorer-syncer/httpserver/public_api.go:338.57,343.3 2 0
github.com/Ethernal-Tech/ucl-block-explorer-syncer/httpserver/public_api.go:345.2,345.103 1 2
github.com/Ethernal-Tech/ucl-block-explorer-syncer/httpserver/public_api.go:348.47,350.55 2 10
github.com/Ethernal-Tech/ucl-block-explorer-syncer/httpserver/public_api.go:350.55,352.3 1 6
github.com/Ethernal-Tech/ucl-block-explorer-syncer/httpserver/public_api.go:354.2,354.29 1 4
github.com/Ethernal-Tech/ucl-block-explorer-syncer/httpserver/public_api.go:354.29,355.84 1 193
github.com/Ethernal-Tech/ucl-block-explorer-syncer/httpserver/public_api.go:355.84,357.4 1 1
github.com/Ethernal-Tech/ucl-block-explorer-syncer/httpserver/public_api.go:360.2,360.13 1 3
github.com/Ethernal-Tech/ucl-block-explorer-syncer/httpserver/public_api.go:363.83,365.36 2 3
github.com/Ethernal-Tech/ucl-block-explorer-syncer/httpserver/public_api.go:365.36,366.34 1 3
github.com/Ethernal-Tech/ucl-block-explorer-syncer/httpserver/public_api.go:367.15,368.97 1 1
github.com/Ethernal-Tech/ucl-block-explorer-syncer/httpserver/public_api.go:369.19,371.53 1 1
github.com/Ethernal-Tech/ucl-block-explorer-syncer/httpserver/public_api.go:372.31,374.46 1 1
github.com/Ethernal-Tech/ucl-block-explorer-syncer/httpserver/public_api.go:375.40,377.66 1 0
github.com/Ethernal-Tech/ucl-block-explorer-syncer/httpserver/public_api.go:378.39,379.105 1 0
github.com/Ethernal-Tech/ucl-block-explorer-syncer/httpserver/public_api.go:380.15,382.72 1 0
github.com/Ethernal-Tech/ucl-block-explorer-syncer/httpserver/public_api.go:383.17,384.87 1 0
github.com/Ethernal-Tech/ucl-block-explorer-syncer/httpserver/public_api.go:385.11,386.96 1 0
github.com/Ethernal-Tech/ucl-block-explorer-syncer/httpserver/public_api.go:389.3,389.9 1 3
github.com/Ethernal-Tech/ucl-block-explorer-syncer/httpserver/public_api.go:392.2,392.84 1 0
github.com/Ethernal-Tech/ucl-block-explorer-syncer/httpserver/public_errors.go:18.80,27.2 3 30
github.com/Ethernal-Tech/ucl-block-explorer-syncer/httpserver/public_errors.go:29.64,33.2 3 2
github.com/Ethernal-Tech/ucl-block-explorer-syncer/httpserver/server.go:45.53,46.23 1 20
github.com/Ethernal-Tech/ucl-block-explorer-syncer/httpserver/server.go:46.23,48.3 1 19
github.com/Ethernal-Tech/ucl-block-explorer-syncer/httpserver/server.go:50.2,59.68 2 20
github.com/Ethernal-Tech/ucl-block-explorer-syncer/httpserver/server.go:59.68,61.17 2 0
github.com/Ethernal-Tech/ucl-block-explorer-syncer/httpserver/server.go:61.17,63.4 1 0
github.com/Ethernal-Tech/ucl-block-explorer-syncer/httpserver/server.go:63.9,65.4 1 0
github.com/Ethernal-Tech/ucl-block-explorer-syncer/httpserver/server.go:68.2,68.10 1 20
github.com/Ethernal-Tech/ucl-block-explorer-syncer/httpserver/server.go:72.41,82.21 4 18
github.com/Ethernal-Tech/ucl-block-explorer-syncer/httpserver/server.go:82.21,88.3 5 0
github.com/Ethernal-Tech/ucl-block-explorer-syncer/httpserver/server.go:90.2,93.33 3 18
github.com/Ethernal-Tech/ucl-block-explorer-syncer/httpserver/server.go:96.71,99.2 2 1
github.com/Ethernal-Tech/ucl-block-explorer-syncer/httpserver/server.go:102.65,110.18 4 4
github.com/Ethernal-Tech/ucl-block-explorer-syncer/httpserver/server.go:111.23,112.31 1 1
github.com/Ethernal-Tech/ucl-block-explorer-syncer/httpserver/server.go:113.22,114.24 1 1
github.com/Ethernal-Tech/ucl-block-explorer-syncer/httpserver/server.go:115.26,115.26 0 1
github.com/Ethernal-Tech/ucl-block-explorer-syncer/httpserver/server.go:117.10,118.64 1 1
github.com/Ethernal-Tech/ucl-block-explorer-syncer/httpserver/server.go:122.79,124.16 2 1
github.com/Ethernal-Tech/ucl-block-explorer-syncer/httpserver/server.go:124.16,128.3 2 0
github.com/Ethernal-Tech/ucl-block-explorer-syncer/httpserver/server.go:130.2,131.16 2 1
github.com/Ethernal-Tech/ucl-block-explorer-syncer/httpserver/server.go:131.16,133.3 1 0
github.com/Ethernal-Tech/ucl-block-explorer-syncer/httpserver/server.go:133.8,135.3 1 1
github.com/Ethernal-Tech/ucl-block-explorer-syncer/httpserver/server.go:145.58,153.16 3 3
github.com/Ethernal-Tech/ucl-block-explorer-syncer/httpserver/server.go:153.16,157.3 2 0
github.com/Ethernal-Tech/ucl-block-explorer-syncer/httpserver/server.go:159.2,159.22 1 3
github.com/Ethernal-Tech/ucl-block-explorer-syncer/httpserver/server.go:163.67,165.2 1 1
github.com/Ethernal-Tech/ucl-block-explorer-syncer/httpserver/server.go:168.58,169.46 1 21
github.com/Ethernal-Tech/ucl-block-explorer-syncer/httpserver/server.go:169.46,170.72 1 21
github.com/Ethernal-Tech/ucl-block-explorer-syncer/httpserver/server.go:170.72,178.38 4 24
github.com/Ethernal-Tech/ucl-block-explorer-syncer/httpserver/server.go:178.38,182.5 2 1
github.com/Ethernal-Tech/ucl-block-explorer-syncer/httpserver/server.go:184.4,184.24 1 23
github.com/Ethernal-Tech/ucl-block-explorer-syncer/storage_handler/ibft_proposer.go:35.68,37.16 2 0
github.com/Ethernal-Tech/ucl-block-explorer-syncer/storage_handler/ibft_proposer.go:37.16,41.3 2 0
github.com/Ethernal-Tech/ucl-block-explorer-syncer/storage_handler/ibft_proposer.go:43.2,43.13 1 0
github.com/Ethernal-Tech/ucl-block-explorer-syncer/storage_handler/ibft_proposer.go:46.77,47.24 1 0
github.com/Ethernal-Tech/ucl-block-explorer-syncer/storage_handler/ibft_proposer.go:47.24,49.3 1 0
github.com/Ethernal-Tech/ucl-block-explorer-syncer/storage_handler/ibft_proposer.go:51.2,52.16 2 0
github.com/Ethernal-Tech/ucl-block-explorer-syncer/storage_handler/ibft_proposer.go:52.16,54.3 1 0
github.com/Ethernal-Tech/ucl-block-explorer-syncer/storage_handler/ibft_proposer.go:56.2,56.39 1 0
github.com/Ethernal-Tech/ucl-block-explorer-syncer/storage_handler/ibft_proposer.go:56.39,58.3 1 0
github.com/Ethernal-Tech/ucl-block-explorer-syncer/storage_handler/ibft_proposer.go:63.2,65.77 2 0
github.com/Ethernal-Tech/ucl-block-explorer-syncer/storage_handler/ibft_proposer.go:65.77,67.3 1 0
github.com/Ethernal-Tech/ucl-block-explorer-syncer/storage_handler/ibft_proposer.go:69.2,69.20 1 0
github.com/Ethernal-Tech/ucl-block-explorer-syncer/storage_handler/ibft_proposer.go:69.20,71.3 1 0
github.com/Ethernal-Tech/ucl-block-explorer-syncer/storage_handler/ibft_proposer.go:73.2,75.57 2 0
github.com/Ethernal-Tech/ucl-block-explorer-syncer/storage_handler/ibft_proposer.go:75.57,77.3 1 0
github.com/Ethernal-Tech/ucl-block-explorer-syncer/storage_handler/ibft_proposer.go:79.2,79.21 1 0
github.com/Ethernal-Tech/ucl-block-explorer-syncer/storage_handler/ibft_proposer.go:79.21,81.3 1 0
github.com/Ethernal-Tech/ucl-block-explorer-syncer/storage_handler/ibft_proposer.go:83.2,84.16 2 0
github.com/Ethernal-Tech/ucl-block-explorer-syncer/storage_handler/ibft_proposer.go:84.16,86.3 1 0
github.com/Ethernal-Tech/ucl-block-explorer-syncer/storage_handler/ibft_proposer.go:91.2,94.16 3 0
github.com/Ethernal-Tech/ucl-block-explorer-syncer/storage_handler/ibft_proposer.go:94.16,96.3 1 0
github.com/Ethernal-Tech/ucl-block-explorer-syncer/storage_handler/ibft_proposer.go:100.2,102.24 2 0
github.com/Ethernal-Tech/ucl-block-explorer-syncer/storage_handler/pg_storage_handler.go:23.79,25.2 1 0
github.com/Ethernal-Tech/ucl-block-explorer-syncer/storage_handler/pg_storage_handler.go:27.45,28.37 1 0
github.com/Ethernal-Tech/ucl-block-explorer-syncer/storage_handler/pg_storage_handler.go:28.37,30.3 1 0
github.com/Ethernal-Tech/ucl-block-explorer-syncer/storage_handler/pg_storage_handler.go:32.2,32.12 1 0
github.com/Ethernal-Tech/ucl-block-explorer-syncer/storage_handler/pg_storage_handler.go:36.41,38.2 1 0
github.com/Ethernal-Tech/ucl-block-explorer-syncer/storage_handler/pg_storage_handler.go:43.69,44.19 1 1
github.com/Ethernal-Tech/ucl-block-explorer-syncer/storage_handler/pg_storage_handler.go:44.19,46.3 1 0
github.com/Ethernal-Tech/ucl-block-explorer-syncer/storage_handler/pg_storage_handler.go:48.2,52.38 3 1
github.com/Ethernal-Tech/ucl-block-explorer-syncer/storage_handler/pg_storage_handler.go:52.38,52.74 1 2
github.com/Ethernal-Tech/ucl-block-explorer-syncer/storage_handler/pg_storage_handler.go:54.2,54.12 1 1
github.com/Ethernal-Tech/ucl-block-explorer-syncer/storage_handler/pg_storage_handler.go:57.66,59.16 2 0
github.com/Ethernal-Tech/ucl-block-explorer-syncer/storage_handler/pg_storage_handler.go:59.16,61.3 1 0
github.com/Ethernal-Tech/ucl-block-explorer-syncer/storage_handler/pg_storage_handler.go:63.2,67.32 3 0
github.com/Ethernal-Tech/ucl-block-explorer-syncer/storage_handler/pg_storage_handler.go:67.32,70.3 2 0
github.com/Ethernal-Tech/ucl-block-explorer-syncer/storage_handler/pg_storage_handler.go:72.2,73.16 2 0
github.com/Ethernal-Tech/ucl-block-explorer-syncer/storage_handler/pg_storage_handler.go:73.16,75.3 1 0
github.com/Ethernal-Tech/ucl-block-explorer-syncer/storage_handler/pg_storage_handler.go:77.2,112.16 1 0
github.com/Ethernal-Tech/ucl-block-explorer-syncer/storage_handler/pg_storage_handler.go:112.16,114.3 1 0
github.com/Ethernal-Tech/ucl-block-explorer-syncer/storage_handler/pg_storage_handler.go:116.2,116.33 1 0
github.com/Ethernal-Tech/ucl-block-explorer-syncer/storage_handler/pg_storage_handler.go:116.33,118.16 2 0
github.com/Ethernal-Tech/ucl-block-explorer-syncer/storage_handler/pg_storage_handler.go:118.16,120.4 1 0
github.com/Ethernal-Tech/ucl-block-explorer-syncer/storage_handler/pg_storage_handler.go:122.3,125.48 3 0
github.com/Ethernal-Tech/ucl-block-explorer-syncer/storage_handler/pg_storage_handler.go:125.48,129.72 3 0
github.com/Ethernal-Tech/ucl-block-explorer-syncer/storage_handler/pg_storage_handler.go:129.72,131.5 1 0
github.com/Ethernal-Tech/ucl-block-explorer-syncer/storage_handler/pg_storage_handler.go:135.2,135.20 1 0
github.com/Ethernal-Tech/ucl-block-explorer-syncer/storage_handler/pg_storage_handler.go:138.79,139.27 1 0
github.com/Ethernal-Tech/ucl-block-explorer-syncer/storage_handler/pg_storage_handler.go:139.27,141.3 1 0
github.com/Ethernal-Tech/ucl-block-explorer-syncer/storage_handler/pg_storage_handler.go:143.2,144.16 2 0
github.com/Ethernal-Tech/ucl-block-explorer-syncer/storage_handler/pg_storage_handler.go:144.16,146.3 1 0
github.com/Ethernal-Tech/ucl-block-explorer-syncer/storage_handler/pg_storage_handler.go:148.2,151.16 3 0
github.com/Ethernal-Tech/ucl-block-explorer-syncer/storage_handler/pg_storage_handler.go:151.16,153.3 1 0
github.com/Ethernal-Tech/ucl-block-explorer-syncer/storage_handler/pg_storage_handler.go:155.2,158.47 3 0
github.com/Ethernal-Tech/ucl-block-explorer-syncer/storage_handler/pg_storage_handler.go:158.47,161.81 2 0
github.com/Ethernal-Tech/ucl-block-explorer-syncer/storage_handler/pg_storage_handler.go:161.81,163.4 1 0
github.com/Ethernal-Tech/ucl-block-explorer-syncer/storage_handler/pg_storage_handler.go:166.2,168.28 2 0
github.com/Ethernal-Tech/ucl-block-explorer-syncer/storage_handler/pg_storage_handler.go:168.28,170.3 1 0
github.com/Ethernal-Tech/ucl-block-explorer-syncer/storage_handler/pg_storage_handler.go:172.2,174.51 2 0
github.com/Ethernal-Tech/ucl-block-explorer-syncer/storage_handler/pg_storage_handler.go:174.51,177.63 2 0
github.com/Ethernal-Tech/ucl-block-explorer-syncer/storage_handler/pg_storage_handler.go:177.63,179.4 1 0
github.com/Ethernal-Tech/ucl-block-explorer-syncer/storage_handler/pg_storage_handler.go:182.2,182.89 1 0
github.com/Ethernal-Tech/ucl-block-explorer-syncer/storage_handler/pg_storage_handler.go:182.89,184.3 1 0
github.com/Ethernal-Tech/ucl-block-explorer-syncer/storage_handler/pg_storage_handler.go:186.2,186.20 1 0
github.com/Ethernal-Tech/ucl-block-explorer-syncer/storage_handler/pg_storage_handler.go:189.87,196.25 2 0
github.com/Ethernal-Tech/ucl-block-explorer-syncer/storage_handler/pg_storage_handler.go:196.25,212.3 3 0
github.com/Ethernal-Tech/ucl-block-explorer-syncer/storage_handler/pg_storage_handler.go:214.2,214.28 1 0
github.com/Ethernal-Tech/ucl-block-explorer-syncer/storage_handler/pg_storage_handler.go:214.28,216.3 1 0
github.com/Ethernal-Tech/ucl-block-explorer-syncer/storage_handler/pg_storage_handler.go:218.2,224.51 2 0
github.com/Ethernal-Tech/ucl-block-explorer-syncer/storage_handler/pg_storage_handler.go:224.51,226.3 1 0
github.com/Ethernal-Tech/ucl-block-explorer-syncer/storage_handler/pg_storage_handler.go:228.2,228.12 1 0
github.com/Ethernal-Tech/ucl-block-explorer-syncer/storage_handler/pg_storage_handler.go:231.96,239.15 3 0
github.com/Ethernal-Tech/ucl-block-explorer-syncer/storage_handler/pg_storage_handler.go:239.15,241.3 1 0
github.com/Ethernal-Tech/ucl-block-explorer-syncer/storage_handler/pg_storage_handler.go:241.8,243.3 1 0
github.com/Ethernal-Tech/ucl-block-explorer-syncer/storage_handler/pg_storage_handler.go:245.2,245.16 1 0
github.com/Ethernal-Tech/ucl-block-explorer-syncer/storage_handler/pg_storage_handler.go:245.16,247.3 1 0
github.com/Ethernal-Tech/ucl-block-explorer-syncer/storage_handler/pg_storage_handler.go:249.2,249.12 1 0
github.com/Ethernal-Tech/ucl-block-explorer-syncer/storage_handler/pg_storage_handler.go:252.105,259.48 2 0
github.com/Ethernal-Tech/ucl-block-explorer-syncer/storage_handler/pg_storage_handler.go:259.48,260.15 1 0
github.com/Ethernal-Tech/ucl-block-explorer-syncer/storage_handler/pg_storage_handler.go:260.15,262.4 1 0
github.com/Ethernal-Tech/ucl-block-explorer-syncer/storage_handler/pg_storage_handler.go:264.3,266.14 2 0
github.com/Ethernal-Tech/ucl-block-explorer-syncer/storage_handler/pg_storage_handler.go:269.2,269.24 1 0
github.com/Ethernal-Tech/ucl-block-explorer-syncer/storage_handler/pg_storage_handler.go:269.24,272.55 2 0
github.com/Ethernal-Tech/ucl-block-explorer-syncer/storage_handler/pg_storage_handler.go:272.55,275.4 2 0
github.com/Ethernal-Tech/ucl-block-explorer-syncer/storage_handler/pg_storage_handler.go:277.3,277.16 1 0
github.com/Ethernal-Tech/ucl-block-explorer-syncer/storage_handler/pg_storage_handler.go:277.16,306.4 3 0
github.com/Ethernal-Tech/ucl-block-explorer-syncer/storage_handler/pg_storage_handler.go:306.9,321.4 3 0
github.com/Ethernal-Tech/ucl-block-explorer-syncer/storage_handler/pg_storage_handler.go:324.2,326.15 2 0
github.com/Ethernal-Tech/ucl-block-explorer-syncer/storage_handler/pg_storage_handler.go:326.15,341.3 1 0
github.com/Ethernal-Tech/ucl-block-explorer-syncer/storage_handler/pg_storage_handler.go:341.8,354.3 1 0
github.com/Ethernal-Tech/ucl-block-explorer-syncer/storage_handler/pg_storage_handler.go:356.2,356.51 1 0
github.com/Ethernal-Tech/ucl-block-explorer-syncer/storage_handler/pg_storage_handler.go:356.51,358.3 1 0
github.com/Ethernal-Tech/ucl-block-explorer-syncer/storage_handler/pg_storage_handler.go:360.2,360.12 1 0
github.com/Ethernal-Tech/ucl-block-explorer-syncer/storage_handler/pg_storage_handler.go:363.106,370.48 2 0
github.com/Ethernal-Tech/ucl-block-explorer-syncer/storage_handler/pg_storage_handler.go:370.48,371.15 1 0
github.com/Ethernal-Tech/ucl-block-explorer-syncer/storage_handler/pg_storage_handler.go:371.15,373.4 1 0
github.com/Ethernal-Tech/ucl-block-explorer-syncer/storage_handler/pg_storage_handler.go:375.3,377.14 2 0
github.com/Ethernal-Tech/ucl-block-explorer-syncer/storage_handler/pg_storage_handler.go:380.2,380.44 1 0
github.com/Ethernal-Tech/ucl-block-explorer-syncer/storage_handler/pg_storage_handler.go:380.44,381.13 1 0
github.com/Ethernal-Tech/ucl-block-explorer-syncer/storage_handler/pg_storage_handler.go:381.13,383.4 1 0
github.com/Ethernal-Tech/ucl-block-explorer-syncer/storage_handler/pg_storage_handler.go:385.3,385.18 1 0
github.com/Ethernal-Tech/ucl-block-explorer-syncer/storage_handler/pg_storage_handler.go:388.2,388.24 1 0
github.com/Ethernal-Tech/ucl-block-explorer-syncer/storage_handler/pg_storage_handler.go:388.24,389.16 1 0
github.com/Ethernal-Tech/ucl-block-explorer-syncer/storage_handler/pg_storage_handler.go:389.16,401.4 3 0
github.com/Ethernal-Tech/ucl-block-explorer-syncer/storage_handler/pg_storage_handler.go:401.9,404.56 2 0
github.com/Ethernal-Tech/ucl-block-explorer-syncer/storage_handler/pg_storage_handler.go:404.56,407.5 2 0
github.com/Ethernal-Tech/ucl-block-explorer-syncer/storage_handler/pg_storage_handler.go:409.4,433.16 3 0
github.com/Ethernal-Tech/ucl-block-explorer-syncer/storage_handler/pg_storage_handler.go:437.2,439.15 2 0
github.com/Ethernal-Tech/ucl-block-explorer-syncer/storage_handler/pg_storage_handler.go:439.15,447.3 1 0
github.com/Ethernal-Tech/ucl-block-explorer-syncer/storage_handler/pg_storage_handler.go:447.8,481.3 1 0
github.com/Ethernal-Tech/ucl-block-explorer-syncer/storage_handler/pg_storage_handler.go:483.2,483.51 1 0
github.com/Ethernal-Tech/ucl-block-explorer-syncer/storage_handler/pg_storage_handler.go:483.51,485.3 1 0
github.com/Ethernal-Tech/ucl-block-explorer-syncer/storage_handler/pg_storage_handler.go:487.2,487.12 1 0
github.com/Ethernal-Tech/ucl-block-explorer-syncer/storage_handler/pg_storage_handler.go:490.68,492.2 1 0
github.com/Ethernal-Tech/ucl-block-explorer-syncer/storage_handler/pg_storage_handler.go:494.74,507.64 5 0
github.com/Ethernal-Tech/ucl-block-explorer-syncer/storage_handler/pg_storage_handler.go:507.64,508.36 1 0
github.com/Ethernal-Tech/ucl-block-explorer-syncer/storage_handler/pg_storage_handler.go:508.36,510.4 1 0
github.com/Ethernal-Tech/ucl-block-explorer-syncer/storage_handler/pg_storage_handler.go:512.3,512.59 1 0
github.com/Ethernal-Tech/ucl-block-explorer-syncer/storage_handler/pg_storage_handler.go:515.2,523.16 4 0
github.com/Ethernal-Tech/ucl-block-explorer-syncer/storage_handler/pg_storage_handler.go:523.16,525.3 1 0
github.com/Ethernal-Tech/ucl-block-explorer-syncer/storage_handler/pg_storage_handler.go:527.2,529.18 2 0
github.com/Ethernal-Tech/ucl-block-explorer-syncer/storage_handler/pg_storage_handler.go:529.18,537.88 2 0
github.com/Ethernal-Tech/ucl-block-explorer-syncer/storage_handler/pg_storage_handler.go:537.88,539.4 1 0
github.com/Ethernal-Tech/ucl-block-explorer-syncer/storage_handler/pg_storage_handler.go:541.3,547.55 6 0
github.com/Ethernal-Tech/ucl-block-explorer-syncer/storage_handler/pg_storage_handler.go:550.2,550.35 1 0
github.com/Ethernal-Tech/ucl-block-explorer-syncer/storage_handler/pg_storage_handler.go:550.35,552.3 1 0
github.com/Ethernal-Tech/ucl-block-explorer-syncer/storage_handler/pg_storage_handler.go:554.2,554.20 1 0
github.com/Ethernal-Tech/ucl-block-explorer-syncer/storage_handler/pg_storage_handler.go:557.95,558.35 1 0
github.com/Ethernal-Tech/ucl-block-explorer-syncer/storage_handler/pg_storage_handler.go:558.35,560.3 1 0
github.com/Ethernal-Tech/ucl-block-explorer-syncer/storage_handler/pg_storage_handler.go:562.2,563.16 2 0
github.com/Ethernal-Tech/ucl-block-explorer-syncer/storage_handler/pg_storage_handler.go:563.16,565.3 1 0
github.com/Ethernal-Tech/ucl-block-explorer-syncer/storage_handler/pg_storage_handler.go:567.2,572.104 4 0
github.com/Ethernal-Tech/ucl-block-explorer-syncer/storage_handler/pg_storage_handler.go:572.104,574.3 1 0
github.com/Ethernal-Tech/ucl-block-explorer-syncer/storage_handler/pg_storage_handler.go:576.2,576.106 1 0
github.com/Ethernal-Tech/ucl-block-explorer-syncer/storage_handler/pg_storage_handler.go:576.106,578.3 1 0
github.com/Ethernal-Tech/ucl-block-explorer-syncer/storage_handler/pg_storage_handler.go:580.2,580.20 1 0
github.com/Ethernal-Tech/ucl-block-explorer-syncer/storage_handler/pg_storage_handler.go:587.23,588.43 1 0
github.com/Ethernal-Tech/ucl-block-explorer-syncer/storage_handler/pg_storage_handler.go:588.43,591.84 2 0
github.com/Ethernal-Tech/ucl-block-explorer-syncer/storage_handler/pg_storage_handler.go:591.84,593.4 1 0
github.com/Ethernal-Tech/ucl-block-explorer-syncer/storage_handler/pg_storage_handler.go:596.2,596.12 1 0
github.com/Ethernal-Tech/ucl-block-explorer-syncer/storage_handler/pg_storage_handler.go:599.120,606.48 2 0
github.com/Ethernal-Tech/ucl-block-explorer-syncer/storage_handler/pg_storage_handler.go:606.48,607.15 1 0
github.com/Ethernal-Tech/ucl-block-explorer-syncer/storage_handler/pg_storage_handler.go:607.15,609.4 1 0
github.com/Ethernal-Tech/ucl-block-explorer-syncer/storage_handler/pg_storage_handler.go:611.3,613.14 2 0
github.com/Ethernal-Tech/ucl-block-explorer-syncer/storage_handler/pg_storage_handler.go:616.2,616.24 1 0
github.com/Ethernal-Tech/ucl-block-explorer-syncer/storage_handler/pg_storage_handler.go:616.24,619.40 2 0
github.com/Ethernal-Tech/ucl-block-explorer-syncer/storage_handler/pg_storage_handler.go:619.40,622.4 2 0
github.com/Ethernal-Tech/ucl-block-explorer-syncer/storage_handler/pg_storage_handler.go:624.3,648.15 3 0
github.com/Ethernal-Tech/ucl-block-explorer-syncer/storage_handler/pg_storage_handler.go:651.2,666.51 2 0
github.com/Ethernal-Tech/ucl-block-explorer-syncer/storage_handler/pg_storage_handler.go:666.51,668.3 1 0
github.com/Ethernal-Tech/ucl-block-explorer-syncer/storage_handler/pg_storage_handler.go:670.2,670.12 1 0
github.com/Ethernal-Tech/ucl-block-explorer-syncer/storage_handler/pg_storage_handler.go:673.66,677.16 3 0
github.com/Ethernal-Tech/ucl-block-explorer-syncer/storage_handler/pg_storage_handler.go:677.16,679.3 1 0
github.com/Ethernal-Tech/ucl-block-explorer-syncer/storage_handler/pg_storage_handler.go:681.2,681.20 1 0
github.com/Ethernal-Tech/ucl-block-explorer-syncer/storage_handler/pg_storage_handler.go:684.77,690.16 3 0
github.com/Ethernal-Tech/ucl-block-explorer-syncer/storage_handler/pg_storage_handler.go:690.16,691.36 1 0
github.com/Ethernal-Tech/ucl-block-explorer-syncer/storage_handler/pg_storage_handler.go:691.36,693.4 1 0
github.com/Ethernal-Tech/ucl-block-explorer-syncer/storage_handler/pg_storage_handler.go:695.3,695.83 1 0
github.com/Ethernal-Tech/ucl-block-explorer-syncer/storage_handler/pg_storage_handler.go:698.2,699.16 2 0
github.com/Ethernal-Tech/ucl-block-explorer-syncer/storage_handler/pg_storage_handler.go:699.16,701.3 1 0
github.com/Ethernal-Tech/ucl-block-explorer-syncer/storage_handler/pg_storage_handler.go:703.2,703.21 1 0
github.com/Ethernal-Tech/ucl-block-explorer-syncer/syncer/helper/helper.go:14.63,15.18 1 5
github.com/Ethernal-Tech/ucl-block-explorer-syncer/syncer/helper/helper.go:15.18,17.3 1 1
github.com/Ethernal-Tech/ucl-block-explorer-syncer/syncer/helper/helper.go:19.2,27.31 6 4
github.com/Ethernal-Tech/ucl-block-explorer-syncer/syncer/helper/helper.go:27.31,29.16 2 12
github.com/Ethernal-Tech/ucl-block-explorer-syncer/syncer/helper/helper.go:29.16,31.4 1 2
github.com/Ethernal-Tech/ucl-block-explorer-syncer/syncer/helper/helper.go:33.3,38.17 2 12
github.com/Ethernal-Tech/ucl-block-explorer-syncer/syncer/helper/helper.go:41.2,41.15 1 4
github.com/Ethernal-Tech/ucl-block-explorer-syncer/syncer/helper/helper.go:52.55,53.9 1 3
github.com/Ethernal-Tech/ucl-block-explorer-syncer/syncer/helper/helper.go:54.24,55.16 1 1
github.com/Ethernal-Tech/ucl-block-explorer-syncer/syncer/helper/helper.go:56.22,57.16 1 1
github.com/Ethernal-Tech/ucl-block-explorer-syncer/syncer/helper/helper.go:58.10,59.20 1 1
github.com/Ethernal-Tech/ucl-block-explorer-syncer/syncer/helper/helper.go:68.66,69.21 1 6
github.com/Ethernal-Tech/ucl-block-explorer-syncer/syncer/helper/helper.go:69.21,71.3 1 1
github.com/Ethernal-Tech/ucl-block-explorer-syncer/syncer/helper/helper.go:73.2,73.50 1 5
github.com/Ethernal-Tech/ucl-block-explorer-syncer/syncer/helper/helper.go:73.50,75.3 1 1
github.com/Ethernal-Tech/ucl-block-explorer-syncer/syncer/helper/helper.go:77.2,81.16 4 4
github.com/Ethernal-Tech/ucl-block-explorer-syncer/syncer/helper/helper.go:81.16,83.3 1 1
github.com/Ethernal-Tech/ucl-block-explorer-syncer/syncer/helper/helper.go:85.2,85.26 1 3
github.com/Ethernal-Tech/ucl-block-explorer-syncer/syncer/helper/helper.go:88.54,90.26 2 4
github.com/Ethernal-Tech/ucl-block-explorer-syncer/syncer/helper/helper.go:90.26,92.3 1 2
github.com/Ethernal-Tech/ucl-block-explorer-syncer/syncer/helper/helper.go:94.2,95.16 2 2
github.com/Ethernal-Tech/ucl-block-explorer-syncer/syncer/helper/helper.go:95.16,97.3 1 1
github.com/Ethernal-Tech/ucl-block-explorer-syncer/syncer/helper/helper.go:99.2,99.17 1 1
github.com/Ethernal-Tech/ucl-block-explorer-syncer/syncer/helper/helper.go:99.17,101.3 1 0
github.com/Ethernal-Tech/ucl-block-explorer-syncer/syncer/helper/helper.go:103.2,103.38 1 1
github.com/Ethernal-Tech/ucl-block-explorer-syncer/syncer/helper/helper.go:110.38,112.2 1 0
github.com/Ethernal-Tech/ucl-block-explorer-syncer/syncer/block_worker/block_worker.go:111.51,112.9 1 2
github.com/Ethernal-Tech/ucl-block-explorer-syncer/syncer/block_worker/block_worker.go:113.21,114.49 1 0
github.com/Ethernal-Tech/ucl-block-explorer-syncer/syncer/block_worker/block_worker.go:115.29,116.64 1 0
github.com/Ethernal-Tech/ucl-block-explorer-syncer/syncer/block_worker/block_worker.go:117.21,118.58 1 0
github.com/Ethernal-Tech/ucl-block-explorer-syncer/syncer/block_worker/block_worker.go:119.21,120.55 1 0
github.com/Ethernal-Tech/ucl-block-explorer-syncer/syncer/block_worker/block_worker.go:121.20,122.56 1 0
github.com/Ethernal-Tech/ucl-block-explorer-syncer/syncer/block_worker/block_worker.go:125.2,136.25 2 2
github.com/Ethernal-Tech/ucl-block-explorer-syncer/syncer/block_worker/block_worker.go:136.25,137.35 1 5
github.com/Ethernal-Tech/ucl-block-explorer-syncer/syncer/block_worker/block_worker.go:137.35,139.4 1 0
github.com/Ethernal-Tech/ucl-block-explorer-syncer/syncer/block_worker/block_worker.go:142.2,142.20 1 2
github.com/Ethernal-Tech/ucl-block-explorer-syncer/syncer/block_worker/block_worker.go:151.37,152.21 1 2
github.com/Ethernal-Tech/ucl-block-explorer-syncer/syncer/block_worker/block_worker.go:152.21,155.3 1 0
github.com/Ethernal-Tech/ucl-block-explorer-syncer/syncer/block_worker/block_worker.go:157.2,164.55 2 2
github.com/Ethernal-Tech/ucl-block-explorer-syncer/syncer/block_worker/block_worker.go:164.55,167.28 2 2
github.com/Ethernal-Tech/ucl-block-explorer-syncer/syncer/block_worker/block_worker.go:167.28,174.18 1 6
github.com/Ethernal-Tech/ucl-block-explorer-syncer/syncer/block_worker/block_worker.go:174.18,178.26 2 5
github.com/Ethernal-Tech/ucl-block-explorer-syncer/syncer/block_worker/block_worker.go:178.26,182.6 2 1
github.com/Ethernal-Tech/ucl-block-explorer-syncer/syncer/block_worker/block_worker.go:184.5,186.13 2 4
github.com/Ethernal-Tech/ucl-block-explorer-syncer/syncer/block_worker/block_worker.go:189.4,189.9 1 1
github.com/Ethernal-Tech/ucl-block-explorer-syncer/syncer/block_worker/block_worker.go:192.3,193.17 2 1
github.com/Ethernal-Tech/ucl-block-explorer-syncer/syncer/block_worker/block_worker.go:193.17,195.4 1 0
github.com/Ethernal-Tech/ucl-block-explorer-syncer/syncer/block_worker/block_worker.go:197.3,197.20 1 1
github.com/Ethernal-Tech/ucl-block-explorer-syncer/syncer/block_worker/block_worker.go:200.2,200.12 1 2
github.com/Ethernal-Tech/ucl-block-explorer-syncer/syncer/block_worker/block_worker.go:200.12,201.25 1 2
github.com/Ethernal-Tech/ucl-block-explorer-syncer/syncer/block_worker/block_worker.go:201.25,206.4 1 0
github.com/Ethernal-Tech/ucl-block-explorer-syncer/syncer/block_worker/block_worker.go:206.9,210.4 1 2
github.com/Ethernal-Tech/ucl-block-explorer-syncer/syncer/block_worker/block_worker.go:212.2,213.7 1 2
github.com/Ethernal-Tech/ucl-block-explorer-syncer/syncer/block_worker/block_worker.go:213.7,216.11 1 3
github.com/Ethernal-Tech/ucl-block-explorer-syncer/syncer/block_worker/block_worker.go:217.20,221.12 3 1
github.com/Ethernal-Tech/ucl-block-explorer-syncer/syncer/block_worker/block_worker.go:221.12,222.21 1 1
github.com/Ethernal-Tech/ucl-block-explorer-syncer/syncer/block_worker/block_worker.go:225.5,225.20 1 0
github.com/Ethernal-Tech/ucl-block-explorer-syncer/syncer/block_worker/block_worker.go:226.12,226.12 0 2
github.com/Ethernal-Tech/ucl-block-explorer-syncer/syncer/block_worker/block_worker.go:229.4,233.11 3 2
github.com/Ethernal-Tech/ucl-block-explorer-syncer/syncer/block_worker/block_worker.go:234.20,237.11 2 1
github.com/Ethernal-Tech/ucl-block-explorer-syncer/syncer/block_worker/block_worker.go:238.22,241.51 2 1
github.com/Ethernal-Tech/ucl-block-explorer-syncer/syncer/block_worker/block_worker.go:241.51,245.6 2 0
github.com/Ethernal-Tech/ucl-block-explorer-syncer/syncer/block_worker/block_worker.go:247.5,249.59 2 1
github.com/Ethernal-Tech/ucl-block-explorer-syncer/syncer/block_worker/block_worker.go:249.59,252.21 2 0
github.com/Ethernal-Tech/ucl-block-explorer-syncer/syncer/block_worker/block_worker.go:255.5,259.19 2 1
github.com/Ethernal-Tech/ucl-block-explorer-syncer/syncer/block_worker/block_worker.go:259.19,261.6 1 1
github.com/Ethernal-Tech/ucl-block-explorer-syncer/syncer/block_worker/block_worker.go:263.12,267.65 1 0
github.com/Ethernal-Tech/ucl-block-explorer-syncer/syncer/block_worker/block_worker.go:271.3,273.25 2 1
github.com/Ethernal-Tech/ucl-block-explorer-syncer/syncer/block_worker/block_worker.go:276.2,276.12 1 2
github.com/Ethernal-Tech/ucl-block-explorer-syncer/syncer/block_worker/block_worker.go:281.63,283.27 1 4
github.com/Ethernal-Tech/ucl-block-explorer-syncer/syncer/block_worker/block_worker.go:283.27,285.3 1 1
github.com/Ethernal-Tech/ucl-block-explorer-syncer/syncer/block_worker/block_worker.go:287.2,288.52 2 3
github.com/Ethernal-Tech/ucl-block-explorer-syncer/syncer/block_worker/block_worker.go:288.52,290.3 1 1
github.com/Ethernal-Tech/ucl-block-explorer-syncer/syncer/block_worker/block_worker.go:292.2,292.20 1 2
github.com/Ethernal-Tech/ucl-block-explorer-syncer/syncer/block_worker/block_worker.go:296.43,297.16 1 2
github.com/Ethernal-Tech/ucl-block-explorer-syncer/syncer/block_worker/block_worker.go:297.16,301.3 2 1
github.com/Ethernal-Tech/ucl-block-explorer-syncer/syncer/block_worker/block_worker.go:303.2,303.20 1 2
github.com/Ethernal-Tech/ucl-block-explorer-syncer/syncer/block_worker/block_worker.go:306.52,307.21 1 16
github.com/Ethernal-Tech/ucl-block-explorer-syncer/syncer/block_worker/block_worker.go:307.21,312.3 1 16
github.com/Ethernal-Tech/ucl-block-explorer-syncer/syncer/block_worker/options.go:14.56,15.36 1 2
github.com/Ethernal-Tech/ucl-block-explorer-syncer/syncer/block_worker/options.go:15.36,19.3 2 2
github.com/Ethernal-Tech/ucl-block-explorer-syncer/syncer/block_worker/options.go:23.42,24.36 1 0
github.com/Ethernal-Tech/ucl-block-explorer-syncer/syncer/block_worker/options.go:24.36,28.3 2 0
github.com/Ethernal-Tech/ucl-block-explorer-syncer/syncer/block_worker/options.go:35.74,36.36 1 2
github.com/Ethernal-Tech/ucl-block-explorer-syncer/syncer/block_worker/options.go:36.36,37.10 1 2
github.com/Ethernal-Tech/ucl-block-explorer-syncer/syncer/block_worker/options.go:38.63,39.91 1 0
github.com/Ethernal-Tech/ucl-block-explorer-syncer/syncer/block_worker/options.go:40.54,41.86 1 0
github.com/Ethernal-Tech/ucl-block-explorer-syncer/syncer/block_worker/options.go:44.3,47.13 3 2
github.com/Ethernal-Tech/ucl-block-explorer-syncer/syncer/block_worker/options.go:52.53,53.36 1 0
github.com/Ethernal-Tech/ucl-block-explorer-syncer/syncer/block_worker/options.go:53.36,54.49 1 0
github.com/Ethernal-Tech/ucl-block-explorer-syncer/syncer/block_worker/options.go:54.49,58.4 1 0
github.com/Ethernal-Tech/ucl-block-explorer-syncer/syncer/block_worker/options.go:60.3,62.13 2 0
github.com/Ethernal-Tech/ucl-block-explorer-syncer/syncer/block_worker/options.go:68.52,69.36 1 0
github.com/Ethernal-Tech/ucl-block-explorer-syncer/syncer/block_worker/options.go:69.36,70.27 1 0
github.com/Ethernal-Tech/ucl-block-explorer-syncer/syncer/block_worker/options.go:70.27,74.4 1 0
github.com/Ethernal-Tech/ucl-block-explorer-syncer/syncer/block_worker/options.go:76.3,78.13 2 0
github.com/Ethernal-Tech/ucl-block-explorer-syncer/syncer/block_worker/options.go:85.62,86.36 1 1
github.com/Ethernal-Tech/ucl-block-explorer-syncer/syncer/block_worker/options.go:86.36,87.25 1 1
github.com/Ethernal-Tech/ucl-block-explorer-syncer/syncer/block_worker/options.go:87.25,89.4 1 0
github.com/Ethernal-Tech/ucl-block-explorer-syncer/syncer/block_worker/options.go:89.9,89.35 1 1
github.com/Ethernal-Tech/ucl-block-explorer-syncer/syncer/block_worker/options.go:89.35,91.4 1 0
github.com/Ethernal-Tech/ucl-block-explorer-syncer/syncer/block_worker/options.go:93.3,95.13 2 1
github.com/Ethernal-Tech/ucl-block-explorer-syncer/syncer/block_worker/options.go:103.38,104.36 1 0
github.com/Ethernal-Tech/ucl-block-explorer-syncer/syncer/block_worker/options.go:104.36,108.3 2 0
github.com/Ethernal-Tech/ucl-block-explorer-syncer/syncer/block_worker/options.go:113.47,114.36 1 0
github.com/Ethernal-Tech/ucl-block-explorer-syncer/syncer/block_worker/options.go:114.36,118.3 2 0
github.com/Ethernal-Tech/ucl-block-explorer-syncer/syncer/tx_worker/options.go:14.53,15.33 1 2
github.com/Ethernal-Tech/ucl-block-explorer-syncer/syncer/tx_worker/options.go:15.33,19.3 2 2
github.com/Ethernal-Tech/ucl-block-explorer-syncer/syncer/tx_worker/options.go:23.39,24.33 1 2
github.com/Ethernal-Tech/ucl-block-explorer-syncer/syncer/tx_worker/options.go:24.33,28.3 2 2
github.com/Ethernal-Tech/ucl-block-explorer-syncer/syncer/tx_worker/options.go:35.71,36.33 1 2
github.com/Ethernal-Tech/ucl-block-explorer-syncer/syncer/tx_worker/options.go:36.33,37.10 1 2
github.com/Ethernal-Tech/ucl-block-explorer-syncer/syncer/tx_worker/options.go:38.63,39.91 1 0
github.com/Ethernal-Tech/ucl-block-explorer-syncer/syncer/tx_worker/options.go:40.54,41.86 1 0
github.com/Ethernal-Tech/ucl-block-explorer-syncer/syncer/tx_worker/options.go:44.3,47.13 3 2
github.com/Ethernal-Tech/ucl-block-explorer-syncer/syncer/tx_worker/options.go:54.48,55.33 1 2
github.com/Ethernal-Tech/ucl-block-explorer-syncer/syncer/tx_worker/options.go:55.33,56.30 1 2
github.com/Ethernal-Tech/ucl-block-explorer-syncer/syncer/tx_worker/options.go:56.30,58.4 1 0
github.com/Ethernal-Tech/ucl-block-explorer-syncer/syncer/tx_worker/options.go:60.3,62.13 2 2
github.com/Ethernal-Tech/ucl-block-explorer-syncer/syncer/tx_worker/tx_worker.go:106.45,107.9 1 2
github.com/Ethernal-Tech/ucl-block-explorer-syncer/syncer/tx_worker/tx_worker.go:108.21,109.49 1 0
github.com/Ethernal-Tech/ucl-block-explorer-syncer/syncer/tx_worker/tx_worker.go:110.27,111.62 1 0
github.com/Ethernal-Tech/ucl-block-explorer-syncer/syncer/tx_worker/tx_worker.go:112.28,113.63 1 0
github.com/Ethernal-Tech/ucl-block-explorer-syncer/syncer/tx_worker/tx_worker.go:114.21,115.55 1 0
github.com/Ethernal-Tech/ucl-block-explorer-syncer/syncer/tx_worker/tx_worker.go:116.20,117.54 1 0
github.com/Ethernal-Tech/ucl-block-explorer-syncer/syncer/tx_worker/tx_worker.go:118.20,119.56 1 0
github.com/Ethernal-Tech/ucl-block-explorer-syncer/syncer/tx_worker/tx_worker.go:122.2,134.25 2 2
github.com/Ethernal-Tech/ucl-block-explorer-syncer/syncer/tx_worker/tx_worker.go:134.25,135.35 1 8
github.com/Ethernal-Tech/ucl-block-explorer-syncer/syncer/tx_worker/tx_worker.go:135.35,137.4 1 0
github.com/Ethernal-Tech/ucl-block-explorer-syncer/syncer/tx_worker/tx_worker.go:140.2,140.20 1 2
github.com/Ethernal-Tech/ucl-block-explorer-syncer/syncer/tx_worker/tx_worker.go:149.34,150.21 1 2
github.com/Ethernal-Tech/ucl-block-explorer-syncer/syncer/tx_worker/tx_worker.go:150.21,153.3 1 0
github.com/Ethernal-Tech/ucl-block-explorer-syncer/syncer/tx_worker/tx_worker.go:155.2,157.12 2 2
github.com/Ethernal-Tech/ucl-block-explorer-syncer/syncer/tx_worker/tx_worker.go:157.12,160.28 2 2
github.com/Ethernal-Tech/ucl-block-explorer-syncer/syncer/tx_worker/tx_worker.go:160.28,165.27 3 2
github.com/Ethernal-Tech/ucl-block-explorer-syncer/syncer/tx_worker/tx_worker.go:165.27,167.33 1 2
github.com/Ethernal-Tech/ucl-block-explorer-syncer/syncer/tx_worker/tx_worker.go:167.33,172.21 1 2
github.com/Ethernal-Tech/ucl-block-explorer-syncer/syncer/tx_worker/tx_worker.go:172.21,176.7 2 0
github.com/Ethernal-Tech/ucl-block-explorer-syncer/syncer/tx_worker/tx_worker.go:180.5,184.20 1 2
github.com/Ethernal-Tech/ucl-block-explorer-syncer/syncer/tx_worker/tx_worker.go:184.20,188.6 2 1
github.com/Ethernal-Tech/ucl-block-explorer-syncer/syncer/tx_worker/tx_worker.go:192.4,192.22 1 1
github.com/Ethernal-Tech/ucl-block-explorer-syncer/syncer/tx_worker/tx_worker.go:192.22,193.46 1 0
github.com/Ethernal-Tech/ucl-block-explorer-syncer/syncer/tx_worker/tx_worker.go:193.46,197.6 2 0
github.com/Ethernal-Tech/ucl-block-explorer-syncer/syncer/tx_worker/tx_worker.go:199.5,199.22 1 0
github.com/Ethernal-Tech/ucl-block-explorer-syncer/syncer/tx_worker/tx_worker.go:202.4,202.46 1 1
github.com/Ethernal-Tech/ucl-block-explorer-syncer/syncer/tx_worker/tx_worker.go:202.46,206.5 2 0
github.com/Ethernal-Tech/ucl-block-explorer-syncer/syncer/tx_worker/tx_worker.go:208.4,210.26 2 1
github.com/Ethernal-Tech/ucl-block-explorer-syncer/syncer/tx_worker/tx_worker.go:213.3,215.19 2 0
github.com/Ethernal-Tech/ucl-block-explorer-syncer/syncer/tx_worker/tx_worker.go:218.2,218.12 1 2
github.com/Ethernal-Tech/ucl-block-explorer-syncer/syncer/tx_worker/tx_worker.go:222.40,223.16 1 1
github.com/Ethernal-Tech/ucl-block-explorer-syncer/syncer/tx_worker/tx_worker.go:223.16,230.3 2 1
github.com/Ethernal-Tech/ucl-block-explorer-syncer/syncer/tx_worker/tx_worker.go:232.2,232.20 1 1
github.com/Ethernal-Tech/ucl-block-explorer-syncer/syncer/tx_worker/tx_worker.go:235.49,236.21 1 13
github.com/Ethernal-Tech/ucl-block-explorer-syncer/syncer/tx_worker/tx_worker.go:236.21,241.3 1 13
github.com/Ethernal-Tech/ucl-block-explorer-syncer/syncer/tx_worker/tx_worker.go:245.81,248.39 2 4
github.com/Ethernal-Tech/ucl-block-explorer-syncer/syncer/tx_worker/tx_worker.go:248.39,250.3 1 2
github.com/Ethernal-Tech/ucl-block-explorer-syncer/syncer/tx_worker/tx_worker.go:252.2,252.44 1 2
github.com/Ethernal-Tech/ucl-block-explorer-syncer/syncer/tx_worker/tx_worker.go:252.44,254.3 1 1
github.com/Ethernal-Tech/ucl-block-explorer-syncer/syncer/tx_worker/tx_worker.go:256.2,258.12 2 1
github.com/Ethernal-Tech/ucl-block-explorer-syncer/syncer/tx_worker/tx_worker.go:262.59,263.27 1 2
github.com/Ethernal-Tech/ucl-block-explorer-syncer/syncer/tx_worker/tx_worker.go:263.27,264.74 1 6
github.com/Ethernal-Tech/ucl-block-explorer-syncer/syncer/tx_worker/tx_worker.go:264.74,268.25 2 5
github.com/Ethernal-Tech/ucl-block-explorer-syncer/syncer/tx_worker/tx_worker.go:268.25,272.5 2 1
github.com/Ethernal-Tech/ucl-block-explorer-syncer/syncer/tx_worker/tx_worker.go:274.4,276.12 2 4
github.com/Ethernal-Tech/ucl-block-explorer-syncer/syncer/tx_worker/tx_worker.go:280.3,280.30 1 1
github.com/Ethernal-Tech/ucl-block-explorer-syncer/syncer/tx_worker/tx_worker.go:280.30,281.25 1 2
github.com/Ethernal-Tech/ucl-block-explorer-syncer/syncer/tx_worker/tx_worker.go:281.25,283.5 1 0
github.com/Ethernal-Tech/ucl-block-explorer-syncer/syncer/tx_worker/tx_worker.go:286.3,286.13 1 1
github.com/Ethernal-Tech/ucl-block-explorer-syncer/syncer/prolog_worker/options.go:14.57,15.37 1 2
github.com/Ethernal-Tech/ucl-block-explorer-syncer/syncer/prolog_worker/options.go:15.37,19.3 2 2
github.com/Ethernal-Tech/ucl-block-explorer-syncer/syncer/prolog_worker/options.go:23.43,24.37 1 2
github.com/Ethernal-Tech/ucl-block-explorer-syncer/syncer/prolog_worker/options.go:24.37,28.3 2 2
github.com/Ethernal-Tech/ucl-block-explorer-syncer/syncer/prolog_worker/options.go:32.54,33.37 1 2
github.com/Ethernal-Tech/ucl-block-explorer-syncer/syncer/prolog_worker/options.go:33.37,34.49 1 2
github.com/Ethernal-Tech/ucl-block-explorer-syncer/syncer/prolog_worker/options.go:34.49,38.4 1 0
github.com/Ethernal-Tech/ucl-block-explorer-syncer/syncer/prolog_worker/options.go:40.3,42.13 2 2
github.com/Ethernal-Tech/ucl-block-explorer-syncer/syncer/prolog_worker/options.go:48.53,49.37 1 1
github.com/Ethernal-Tech/ucl-block-explorer-syncer/syncer/prolog_worker/options.go:49.37,50.27 1 1
github.com/Ethernal-Tech/ucl-block-explorer-syncer/syncer/prolog_worker/options.go:50.27,54.4 1 0
github.com/Ethernal-Tech/ucl-block-explorer-syncer/syncer/prolog_worker/options.go:56.3,58.13 2 1
github.com/Ethernal-Tech/ucl-block-explorer-syncer/syncer/prolog_worker/options.go:65.69,66.37 1 2
github.com/Ethernal-Tech/ucl-block-explorer-syncer/syncer/prolog_worker/options.go:66.37,67.28 1 2
github.com/Ethernal-Tech/ucl-block-explorer-syncer/syncer/prolog_worker/options.go:67.28,69.4 1 0
github.com/Ethernal-Tech/ucl-block-explorer-syncer/syncer/prolog_worker/options.go:69.9,69.38 1 2
github.com/Ethernal-Tech/ucl-block-explorer-syncer/syncer/prolog_worker/options.go:69.38,71.4 1 0
github.com/Ethernal-Tech/ucl-block-explorer-syncer/syncer/prolog_worker/options.go:73.3,75.13 2 2
github.com/Ethernal-Tech/ucl-block-explorer-syncer/syncer/prolog_worker/options.go:83.45,84.37 1 0
github.com/Ethernal-Tech/ucl-block-explorer-syncer/syncer/prolog_worker/options.go:84.37,88.3 2 0
github.com/Ethernal-Tech/ucl-block-explorer-syncer/syncer/prolog_worker/prolog_worker.go:114.53,115.9 1 2
github.com/Ethernal-Tech/ucl-block-explorer-syncer/syncer/prolog_worker/prolog_worker.go:116.25,117.60 1 0
github.com/Ethernal-Tech/ucl-block-explorer-syncer/syncer/prolog_worker/prolog_worker.go:118.28,119.64 1 0
github.com/Ethernal-Tech/ucl-block-explorer-syncer/syncer/prolog_worker/prolog_worker.go:120.21,121.58 1 0
github.com/Ethernal-Tech/ucl-block-explorer-syncer/syncer/prolog_worker/prolog_worker.go:122.21,123.55 1 0
github.com/Ethernal-Tech/ucl-block-explorer-syncer/syncer/prolog_worker/prolog_worker.go:124.20,125.56 1 0
github.com/Ethernal-Tech/ucl-block-explorer-syncer/syncer/prolog_worker/prolog_worker.go:128.2,138.19 2 2
github.com/Ethernal-Tech/ucl-block-explorer-syncer/syncer/prolog_worker/prolog_worker.go:138.19,141.36 2 1
github.com/Ethernal-Tech/ucl-block-explorer-syncer/syncer/prolog_worker/prolog_worker.go:141.36,142.21 1 1
github.com/Ethernal-Tech/ucl-block-explorer-syncer/syncer/prolog_worker/prolog_worker.go:142.21,145.13 2 0
github.com/Ethernal-Tech/ucl-block-explorer-syncer/syncer/prolog_worker/prolog_worker.go:148.4,150.33 2 1
github.com/Ethernal-Tech/ucl-block-explorer-syncer/syncer/prolog_worker/prolog_worker.go:150.33,152.5 1 1
github.com/Ethernal-Tech/ucl-block-explorer-syncer/syncer/prolog_worker/prolog_worker.go:156.2,156.25 1 2
github.com/Ethernal-Tech/ucl-block-explorer-syncer/syncer/prolog_worker/prolog_worker.go:156.25,157.35 1 9
github.com/Ethernal-Tech/ucl-block-explorer-syncer/syncer/prolog_worker/prolog_worker.go:157.35,159.4 1 0
github.com/Ethernal-Tech/ucl-block-explorer-syncer/syncer/prolog_worker/prolog_worker.go:162.2,162.20 1 2
github.com/Ethernal-Tech/ucl-block-explorer-syncer/syncer/prolog_worker/prolog_worker.go:172.38,173.25 1 2
github.com/Ethernal-Tech/ucl-block-explorer-syncer/syncer/prolog_worker/prolog_worker.go:173.25,176.3 1 0
github.com/Ethernal-Tech/ucl-block-explorer-syncer/syncer/prolog_worker/prolog_worker.go:178.2,180.12 2 2
github.com/Ethernal-Tech/ucl-block-explorer-syncer/syncer/prolog_worker/prolog_worker.go:180.12,181.25 1 2
github.com/Ethernal-Tech/ucl-block-explorer-syncer/syncer/prolog_worker/prolog_worker.go:181.25,186.4 1 1
github.com/Ethernal-Tech/ucl-block-explorer-syncer/syncer/prolog_worker/prolog_worker.go:186.9,190.4 1 1
github.com/Ethernal-Tech/ucl-block-explorer-syncer/syncer/prolog_worker/prolog_worker.go:192.2,193.7 1 2
github.com/Ethernal-Tech/ucl-block-explorer-syncer/syncer/prolog_worker/prolog_worker.go:193.7,196.11 1 2
github.com/Ethernal-Tech/ucl-block-explorer-syncer/syncer/prolog_worker/prolog_worker.go:197.20,201.12 3 0
github.com/Ethernal-Tech/ucl-block-explorer-syncer/syncer/prolog_worker/prolog_worker.go:201.12,202.21 1 0
github.com/Ethernal-Tech/ucl-block-explorer-syncer/syncer/prolog_worker/prolog_worker.go:205.5,205.20 1 0
github.com/Ethernal-Tech/ucl-block-explorer-syncer/syncer/prolog_worker/prolog_worker.go:206.12,206.12 0 2
github.com/Ethernal-Tech/ucl-block-explorer-syncer/syncer/prolog_worker/prolog_worker.go:209.4,213.11 3 2
github.com/Ethernal-Tech/ucl-block-explorer-syncer/syncer/prolog_worker/prolog_worker.go:214.20,217.11 2 1
github.com/Ethernal-Tech/ucl-block-explorer-syncer/syncer/prolog_worker/prolog_worker.go:218.22,221.43 2 1
github.com/Ethernal-Tech/ucl-block-explorer-syncer/syncer/prolog_worker/prolog_worker.go:221.43,222.34 1 1
github.com/Ethernal-Tech/ucl-block-explorer-syncer/syncer/prolog_worker/prolog_worker.go:222.34,223.26 1 3
github.com/Ethernal-Tech/ucl-block-explorer-syncer/syncer/prolog_worker/prolog_worker.go:223.26,226.16 2 0
github.com/Ethernal-Tech/ucl-block-explorer-syncer/syncer/prolog_worker/prolog_worker.go:229.7,230.14 2 3
github.com/Ethernal-Tech/ucl-block-explorer-syncer/syncer/prolog_worker/prolog_worker.go:230.14,231.16 1 1
github.com/Ethernal-Tech/ucl-block-explorer-syncer/syncer/prolog_worker/prolog_worker.go:234.7,234.40 1 2
github.com/Ethernal-Tech/ucl-block-explorer-syncer/syncer/prolog_worker/prolog_worker.go:234.40,235.38 1 2
github.com/Ethernal-Tech/ucl-block-explorer-syncer/syncer/prolog_worker/prolog_worker.go:235.38,238.14 2 1
github.com/Ethernal-Tech/ucl-block-explorer-syncer/syncer/prolog_worker/prolog_worker.go:243.6,243.65 1 1
github.com/Ethernal-Tech/ucl-block-explorer-syncer/syncer/prolog_worker/prolog_worker.go:246.5,248.64 2 1
github.com/Ethernal-Tech/ucl-block-explorer-syncer/syncer/prolog_worker/prolog_worker.go:248.64,253.6 2 0
github.com/Ethernal-Tech/ucl-block-explorer-syncer/syncer/prolog_worker/prolog_worker.go:255.5,257.59 2 1
github.com/Ethernal-Tech/ucl-block-explorer-syncer/syncer/prolog_worker/prolog_worker.go:257.59,260.21 2 1
github.com/Ethernal-Tech/ucl-block-explorer-syncer/syncer/prolog_worker/prolog_worker.go:263.5,265.25 2 0
github.com/Ethernal-Tech/ucl-block-explorer-syncer/syncer/prolog_worker/prolog_worker.go:265.25,267.6 1 0
github.com/Ethernal-Tech/ucl-block-explorer-syncer/syncer/prolog_worker/prolog_worker.go:269.12,274.68 1 0
github.com/Ethernal-Tech/ucl-block-explorer-syncer/syncer/prolog_worker/prolog_worker.go:278.3,280.19 2 1
github.com/Ethernal-Tech/ucl-block-explorer-syncer/syncer/prolog_worker/prolog_worker.go:283.2,283.12 1 2
github.com/Ethernal-Tech/ucl-block-explorer-syncer/syncer/prolog_worker/prolog_worker.go:287.44,288.16 1 2
github.com/Ethernal-Tech/ucl-block-explorer-syncer/syncer/prolog_worker/prolog_worker.go:288.16,295.3 2 1
github.com/Ethernal-Tech/ucl-block-explorer-syncer/syncer/prolog_worker/prolog_worker.go:297.2,297.20 1 2
github.com/Ethernal-Tech/ucl-block-explorer-syncer/syncer/prolog_worker/prolog_worker.go:300.53,301.21 1 11
github.com/Ethernal-Tech/ucl-block-explorer-syncer/syncer/prolog_worker/prolog_worker.go:301.21,306.3 1 11
github.com/Ethernal-Tech/ucl-block-explorer-syncer/syncer/abstract_worker/abstract_worker.go:99.28,100.9 1 3
github.com/Ethernal-Tech/ucl-block-explorer-syncer/syncer/abstract_worker/abstract_worker.go:101.24,102.59 1 0
github.com/Ethernal-Tech/ucl-block-explorer-syncer/syncer/abstract_worker/abstract_worker.go:103.21,104.58 1 0
github.com/Ethernal-Tech/ucl-block-explorer-syncer/syncer/abstract_worker/abstract_worker.go:105.21,106.55 1 0
github.com/Ethernal-Tech/ucl-block-explorer-syncer/syncer/abstract_worker/abstract_worker.go:107.20,108.56 1 0
github.com/Ethernal-Tech/ucl-block-explorer-syncer/syncer/abstract_worker/abstract_worker.go:111.2,121.25 2 3
github.com/Ethernal-Tech/ucl-block-explorer-syncer/syncer/abstract_worker/abstract_worker.go:121.25,122.30 1 11
github.com/Ethernal-Tech/ucl-block-explorer-syncer/syncer/abstract_worker/abstract_worker.go:122.30,124.4 1 0
github.com/Ethernal-Tech/ucl-block-explorer-syncer/syncer/abstract_worker/abstract_worker.go:127.2,127.15 1 3
github.com/Ethernal-Tech/ucl-block-explorer-syncer/syncer/abstract_worker/abstract_worker.go:133.40,134.24 1 3
github.com/Ethernal-Tech/ucl-block-explorer-syncer/syncer/abstract_worker/abstract_worker.go:134.24,137.3 1 0
github.com/Ethernal-Tech/ucl-block-explorer-syncer/syncer/abstract_worker/abstract_worker.go:139.2,139.12 1 3
github.com/Ethernal-Tech/ucl-block-explorer-syncer/syncer/abstract_worker/abstract_worker.go:139.12,143.7 2 3
github.com/Ethernal-Tech/ucl-block-explorer-syncer/syncer/abstract_worker/abstract_worker.go:143.7,145.18 2 3973316
github.com/Ethernal-Tech/ucl-block-explorer-syncer/syncer/abstract_worker/abstract_worker.go:145.18,149.5 2 1
github.com/Ethernal-Tech/ucl-block-explorer-syncer/syncer/abstract_worker/abstract_worker.go:151.4,151.12 1 3973315
github.com/Ethernal-Tech/ucl-block-explorer-syncer/syncer/abstract_worker/abstract_worker.go:151.12,152.10 1 1
github.com/Ethernal-Tech/ucl-block-explorer-syncer/syncer/abstract_worker/abstract_worker.go:155.4,155.11 1 3973314
github.com/Ethernal-Tech/ucl-block-explorer-syncer/syncer/abstract_worker/abstract_worker.go:156.29,157.12 1 2
github.com/Ethernal-Tech/ucl-block-explorer-syncer/syncer/abstract_worker/abstract_worker.go:157.12,158.21 1 1
github.com/Ethernal-Tech/ucl-block-explorer-syncer/syncer/abstract_worker/abstract_worker.go:161.5,164.12 3 1
github.com/Ethernal-Tech/ucl-block-explorer-syncer/syncer/abstract_worker/abstract_worker.go:164.12,165.21 1 0
github.com/Ethernal-Tech/ucl-block-explorer-syncer/syncer/abstract_worker/abstract_worker.go:168.5,168.21 1 1
github.com/Ethernal-Tech/ucl-block-explorer-syncer/syncer/abstract_worker/abstract_worker.go:169.12,170.13 1 3973312
github.com/Ethernal-Tech/ucl-block-explorer-syncer/syncer/abstract_worker/abstract_worker.go:170.13,171.13 1 2
github.com/Ethernal-Tech/ucl-block-explorer-syncer/syncer/abstract_worker/abstract_worker.go:172.31,173.14 1 0
github.com/Ethernal-Tech/ucl-block-explorer-syncer/syncer/abstract_worker/abstract_worker.go:173.14,174.23 1 0
github.com/Ethernal-Tech/ucl-block-explorer-syncer/syncer/abstract_worker/abstract_worker.go:177.7,180.14 3 0
github.com/Ethernal-Tech/ucl-block-explorer-syncer/syncer/abstract_worker/abstract_worker.go:180.14,181.23 1 0
github.com/Ethernal-Tech/ucl-block-explorer-syncer/syncer/abstract_worker/abstract_worker.go:184.7,184.23 1 0
github.com/Ethernal-Tech/ucl-block-explorer-syncer/syncer/abstract_worker/abstract_worker.go:185.77,185.77 0 2
github.com/Ethernal-Tech/ucl-block-explorer-syncer/syncer/abstract_worker/abstract_worker.go:191.3,193.19 2 2
github.com/Ethernal-Tech/ucl-block-explorer-syncer/syncer/abstract_worker/abstract_worker.go:196.2,196.12 1 3
github.com/Ethernal-Tech/ucl-block-explorer-syncer/syncer/abstract_worker/abstract_worker.go:200.46,201.16 1 3
github.com/Ethernal-Tech/ucl-block-explorer-syncer/syncer/abstract_worker/abstract_worker.go:201.16,208.3 2 1
github.com/Ethernal-Tech/ucl-block-explorer-syncer/syncer/abstract_worker/abstract_worker.go:210.2,210.20 1 3
github.com/Ethernal-Tech/ucl-block-explorer-syncer/syncer/abstract_worker/abstract_worker.go:213.55,214.21 1 9
github.com/Ethernal-Tech/ucl-block-explorer-syncer/syncer/abstract_worker/abstract_worker.go:214.21,220.3 1 9
github.com/Ethernal-Tech/ucl-block-explorer-syncer/syncer/abstract_worker/options.go:14.59,15.39 1 3
github.com/Ethernal-Tech/ucl-block-explorer-syncer/syncer/abstract_worker/options.go:15.39,19.3 2 3
github.com/Ethernal-Tech/ucl-block-explorer-syncer/syncer/abstract_worker/options.go:23.45,24.39 1 3
github.com/Ethernal-Tech/ucl-block-explorer-syncer/syncer/abstract_worker/options.go:24.39,28.3 2 3
github.com/Ethernal-Tech/ucl-block-explorer-syncer/syncer/abstract_worker/options.go:33.61,34.39 1 3
github.com/Ethernal-Tech/ucl-block-explorer-syncer/syncer/abstract_worker/options.go:34.39,38.3 2 3
github.com/Ethernal-Tech/ucl-block-explorer-syncer/syncer/abstract_worker/options.go:45.71,46.39 1 2
github.com/Ethernal-Tech/ucl-block-explorer-syncer/syncer/abstract_worker/options.go:46.39,47.28 1 2
github.com/Ethernal-Tech/ucl-block-explorer-syncer/syncer/abstract_worker/options.go:47.28,49.4 1 0
github.com/Ethernal-Tech/ucl-block-explorer-syncer/syncer/abstract_worker/options.go:51.3,53.13 2 2
